,Event,Duration,Start Time,End Time,Start Epoch,End Epoch,Unnamed: 6
0,N1,30.0,03:00.0,03:30.0,822,823,
1,N1,30.0,03:30.0,04:00.0,823,824,
2,Wake,30.0,04:00.0,04:30.0,824,825,
3,N1,30.0,04:30.0,05:00.0,825,826,
4,N2,30.0,05:00.0,05:30.0,826,827,
5,N2,30.0,05:30.0,06:00.0,827,828,
6,N2,30.0,06:00.0,06:30.0,828,829,
7,N2,30.0,06:30.0,07:00.0,829,830,
8,REM,30.0,07:00.0,07:30.0,830,831,
9,REM,30.0,07:30.0,08:00.0,831,832,
10,REM,30.0,08:00.0,08:30.0,832,833,
11,REM,30.0,08:30.0,09:00.0,833,834,
12,REM,30.0,09:00.0,09:30.0,834,835,
13,REM,30.0,09:30.0,10:00.0,835,836,
14,N2,30.0,10:00.0,10:30.0,836,837,
15,N2,30.0,10:30.0,11:00.0,837,838,
16,N2,30.0,11:00.0,11:30.0,838,839,
17,N2,30.0,11:30.0,12:00.0,839,840,
18,N2,30.0,12:00.0,12:30.0,840,841,
19,N2,30.0,12:30.0,13:00.0,841,842,
20,REM,30.0,13:00.0,13:30.0,842,843,
21,Wake,30.0,13:30.0,14:00.0,843,844,
22,Wake,30.0,14:00.0,14:30.0,844,845,
23,Wake,30.0,14:30.0,15:00.0,845,846,
24,Wake,30.0,15:00.0,15:30.0,846,847,
25,Wake,30.0,15:30.0,16:00.0,847,848,
26,Wake,30.0,16:00.0,16:30.0,848,849,
27,N1,30.0,16:30.0,17:00.0,849,850,
28,N2,30.0,17:00.0,17:30.0,850,851,
29,N2,30.0,17:30.0,18:00.0,851,852,
30,N2,30.0,18:00.0,18:30.0,852,853,
31,N2,30.0,18:30.0,19:00.0,853,854,
32,N2,30.0,19:00.0,19:30.0,854,855,
33,N2,30.0,19:30.0,20:00.0,855,856,
34,N2,30.0,20:00.0,20:30.0,856,857,
35,N2,30.0,20:30.0,21:00.0,857,858,
36,N2,30.0,21:00.0,21:30.0,858,859,
37,N2,30.0,21:30.0,22:00.0,859,860,
38,N2,30.0,22:00.0,22:30.0,860,861,
39,N2,30.0,22:30.0,23:00.0,861,862,
40,N3,30.0,23:00.0,23:30.0,862,863,
41,N3,30.0,23:30.0,24:00.0,863,864,
42,N3,30.0,24:00.0,24:30.0,864,865,
43,N3,30.0,24:30.0,25:00.0,865,866,
44,N3,30.0,25:00.0,25:30.0,866,867,
45,N3,30.0,25:30.0,26:00.0,867,868,
46,N3,30.0,26:00.0,26:30.0,868,869,
47,Wake,30.0,26:30.0,27:00.0,869,870,
48,Wake,30.0,27:00.0,27:30.0,870,871,
49,Wake,30.0,27:30.0,28:00.0,871,872,
50,Wake,30.0,28:00.0,28:30.0,872,873,
51,Wake,30.0,28:30.0,29:00.0,873,874,
52,Wake,30.0,29:00.0,29:30.0,874,875,
53,Wake,30.0,29:30.0,30:00.0,875,876,
54,Wake,30.0,30:00.0,30:30.0,876,877,
55,Wake,30.0,30:30.0,31:00.0,877,878,
56,Wake,30.0,31:00.0,31:30.0,878,879,
57,Wake,30.0,31:30.0,32:00.0,879,880,
58,Wake,30.0,32:00.0,32:30.0,880,881,
59,Wake,30.0,32:30.0,33:00.0,881,882,
60,Wake,30.0,33:00.0,33:30.0,882,883,
61,Wake,30.0,33:30.0,34:00.0,883,884,
62,Wake,30.0,34:00.0,34:30.0,884,885,
63,Wake,30.0,34:30.0,35:00.0,885,886,
64,Wake,30.0,35:00.0,35:30.0,886,887,
65,Wake,30.0,35:30.0,36:00.0,887,888,
66,Wake,30.0,36:00.0,36:30.0,888,889,
67,Wake,30.0,36:30.0,37:00.0,889,890,
68,Wake,30.0,37:00.0,37:30.0,890,891,
69,Wake,30.0,37:30.0,38:00.0,891,892,
70,Wake,30.0,38:00.0,38:30.0,892,893,
71,Wake,30.0,38:30.0,39:00.0,893,894,
72,Wake,30.0,39:00.0,39:30.0,894,895,
73,Wake,30.0,39:30.0,40:00.0,895,896,
74,Wake,30.0,40:00.0,40:30.0,896,897,
75,Wake,30.0,40:30.0,41:00.0,897,898,
76,Wake,30.0,41:00.0,41:30.0,898,899,
77,Wake,30.0,41:30.0,42:00.0,899,900,
78,Wake,30.0,42:00.0,42:30.0,900,901,
79,Wake,30.0,42:30.0,43:00.0,901,902,
80,Wake,30.0,43:00.0,43:30.0,902,903,
81,Wake,30.0,43:30.0,44:00.0,903,904,
82,Wake,30.0,44:00.0,44:30.0,904,905,
83,Wake,30.0,44:30.0,45:00.0,905,906,
84,Wake,30.0,45:00.0,45:30.0,906,907,
85,Wake,30.0,45:30.0,46:00.0,907,908,
86,Wake,30.0,46:00.0,46:30.0,908,909,
87,N1,30.0,46:30.0,47:00.0,909,910,
88,N2,30.0,47:00.0,47:30.0,910,911,
89,N2,30.0,47:30.0,48:00.0,911,912,
90,N2,30.0,48:00.0,48:30.0,912,913,
91,N1,30.0,48:30.0,49:00.0,913,914,
92,N1,30.0,49:00.0,49:30.0,914,915,
93,N2,30.0,49:30.0,50:00.0,915,916,
94,Wake,30.0,50:00.0,50:30.0,916,917,
95,N1,30.0,50:30.0,51:00.0,917,918,
96,N2,30.0,51:00.0,51:30.0,918,919,
97,N2,30.0,51:30.0,52:00.0,919,920,
98,N2,30.0,52:00.0,52:30.0,920,921,
99,N2,30.0,52:30.0,53:00.0,921,922,
100,N2,30.0,53:00.0,53:30.0,922,923,
101,N2,30.0,53:30.0,54:00.0,923,924,
102,N2,30.0,54:00.0,54:30.0,924,925,
103,N2,30.0,54:30.0,55:00.0,925,926,
104,N2,30.0,55:00.0,55:30.0,926,927,
105,N2,30.0,55:30.0,56:00.0,927,928,
106,N2,30.0,56:00.0,56:30.0,928,929,
107,N2,30.0,56:30.0,57:00.0,929,930,
108,N2,30.0,57:00.0,57:30.0,930,931,
109,N2,30.0,57:30.0,58:00.0,931,932,
110,N2,30.0,58:00.0,58:30.0,932,933,
111,N2,30.0,58:30.0,59:00.0,933,934,
112,N2,30.0,59:00.0,59:30.0,934,935,
113,N2,30.0,59:30.0,00:00.0,935,936,
114,N2,30.0,00:00.0,00:30.0,936,937,
115,N2,30.0,00:30.0,01:00.0,937,938,
116,N2,30.0,01:00.0,01:30.0,938,939,
117,N2,30.0,01:30.0,02:00.0,939,940,
118,N2,30.0,02:00.0,02:30.0,940,941,
119,Wake,30.0,02:30.0,03:00.0,941,942,
120,N2,30.0,03:00.0,03:30.0,942,943,
121,N2,30.0,03:30.0,04:00.0,943,944,
122,N2,30.0,04:00.0,04:30.0,944,945,
123,N2,30.0,04:30.0,05:00.0,945,946,
124,N2,30.0,05:00.0,05:30.0,946,947,
125,N2,30.0,05:30.0,06:00.0,947,948,
126,N2,30.0,06:00.0,06:30.0,948,949,
127,N2,30.0,06:30.0,07:00.0,949,950,
128,N2,30.0,07:00.0,07:30.0,950,951,
129,N2,30.0,07:30.0,08:00.0,951,952,
130,N2,30.0,08:00.0,08:30.0,952,953,
131,N2,30.0,08:30.0,09:00.0,953,954,
132,N2,30.0,09:00.0,09:30.0,954,955,
133,N2,30.0,09:30.0,10:00.0,955,956,
134,N2,30.0,10:00.0,10:30.0,956,957,
135,N2,30.0,10:30.0,11:00.0,957,958,
136,N2,30.0,11:00.0,11:30.0,958,959,
137,N2,30.0,11:30.0,12:00.0,959,960,
138,N1,30.0,12:00.0,12:30.0,960,961,
139,N2,30.0,12:30.0,13:00.0,961,962,
140,N2,30.0,13:00.0,13:30.0,962,963,
141,REM,30.0,13:30.0,14:00.0,963,964,
142,REM,30.0,14:00.0,14:30.0,964,965,
143,REM,30.0,14:30.0,15:00.0,965,966,
144,REM,30.0,15:00.0,15:30.0,966,967,
145,REM,30.0,15:30.0,16:00.0,967,968,
146,Wake,30.0,16:00.0,16:30.0,968,969,
147,N1,30.0,16:30.0,17:00.0,969,970,
148,N2,30.0,17:00.0,17:30.0,970,971,
149,N1,30.0,17:30.0,18:00.0,971,972,
150,N1,30.0,18:00.0,18:30.0,972,973,
151,N2,30.0,18:30.0,19:00.0,973,974,
152,N2,30.0,19:00.0,19:30.0,974,975,
153,N2,30.0,19:30.0,20:00.0,975,976,
154,N2,30.0,20:00.0,20:30.0,976,977,
155,N2,30.0,20:30.0,21:00.0,977,978,
156,N2,30.0,21:00.0,21:30.0,978,979,
157,N2,30.0,21:30.0,22:00.0,979,980,
158,N2,30.0,22:00.0,22:30.0,980,981,
159,N2,30.0,22:30.0,23:00.0,981,982,
160,N2,30.0,23:00.0,23:30.0,982,983,
161,N2,30.0,23:30.0,24:00.0,983,984,
162,N2,30.0,24:00.0,24:30.0,984,985,
163,Wake,30.0,24:30.0,25:00.0,985,986,
164,N2,30.0,25:00.0,25:30.0,986,987,
165,N2,30.0,25:30.0,26:00.0,987,988,
166,N2,30.0,26:00.0,26:30.0,988,989,
167,N2,30.0,26:30.0,27:00.0,989,990,
168,N2,30.0,27:00.0,27:30.0,990,991,
169,N2,30.0,27:30.0,28:00.0,991,992,
170,N2,30.0,28:00.0,28:30.0,992,993,
171,N3,30.0,28:30.0,29:00.0,993,994,
172,N3,30.0,29:00.0,29:30.0,994,995,
173,N3,30.0,29:30.0,30:00.0,995,996,
174,N3,30.0,30:00.0,30:30.0,996,997,
175,N2,30.0,30:30.0,31:00.0,997,998,
176,N2,30.0,31:00.0,31:30.0,998,999,
177,N3,30.0,31:30.0,32:00.0,999,1000,
178,N2,30.0,32:00.0,32:30.0,1000,1001,
179,N2,30.0,32:30.0,33:00.0,1001,1002,
180,N2,30.0,33:00.0,33:30.0,1002,1003,
181,N3,30.0,33:30.0,34:00.0,1003,1004,
182,N2,30.0,34:00.0,34:30.0,1004,1005,
183,N3,30.0,34:30.0,35:00.0,1005,1006,
184,N3,30.0,35:00.0,35:30.0,1006,1007,
185,N3,30.0,35:30.0,36:00.0,1007,1008,
186,N3,30.0,36:00.0,36:30.0,1008,1009,
187,N1,30.0,36:30.0,37:00.0,1009,1010,
188,N2,30.0,37:00.0,37:30.0,1010,1011,
189,N2,30.0,37:30.0,38:00.0,1011,1012,
190,N2,30.0,38:00.0,38:30.0,1012,1013,
191,N2,30.0,38:30.0,39:00.0,1013,1014,
192,N2,30.0,39:00.0,39:30.0,1014,1015,
193,N2,30.0,39:30.0,40:00.0,1015,1016,
194,N3,30.0,40:00.0,40:30.0,1016,1017,
195,N3,30.0,40:30.0,41:00.0,1017,1018,
196,N3,30.0,41:00.0,41:30.0,1018,1019,
197,N3,30.0,41:30.0,42:00.0,1019,1020,
198,N3,30.0,42:00.0,42:30.0,1020,1021,
199,N3,30.0,42:30.0,43:00.0,1021,1022,
200,N3,30.0,43:00.0,43:30.0,1022,1023,
201,N2,30.0,43:30.0,44:00.0,1023,1024,
202,N2,30.0,44:00.0,44:30.0,1024,1025,
203,N2,30.0,44:30.0,45:00.0,1025,1026,
204,N2,30.0,45:00.0,45:30.0,1026,1027,
205,N3,30.0,45:30.0,46:00.0,1027,1028,
206,N2,30.0,46:00.0,46:30.0,1028,1029,
207,N2,30.0,46:30.0,47:00.0,1029,1030,
208,N2,30.0,47:00.0,47:30.0,1030,1031,
209,N3,30.0,47:30.0,48:00.0,1031,1032,
210,N3,30.0,48:00.0,48:30.0,1032,1033,
211,N3,30.0,48:30.0,49:00.0,1033,1034,
212,N3,30.0,49:00.0,49:30.0,1034,1035,
213,N3,30.0,49:30.0,50:00.0,1035,1036,
214,N3,30.0,50:00.0,50:30.0,1036,1037,
215,N3,30.0,50:30.0,51:00.0,1037,1038,
216,N3,30.0,51:00.0,51:30.0,1038,1039,
217,N3,30.0,51:30.0,52:00.0,1039,1040,
218,N3,30.0,52:00.0,52:30.0,1040,1041,
219,N3,30.0,52:30.0,53:00.0,1041,1042,
220,N3,30.0,53:00.0,53:30.0,1042,1043,
221,N3,30.0,53:30.0,54:00.0,1043,1044,
222,N3,30.0,54:00.0,54:30.0,1044,1045,
223,N3,30.0,54:30.0,55:00.0,1045,1046,
224,N3,30.0,55:00.0,55:30.0,1046,1047,
225,N3,30.0,55:30.0,56:00.0,1047,1048,
226,N3,30.0,56:00.0,56:30.0,1048,1049,
227,N3,30.0,56:30.0,57:00.0,1049,1050,
228,N3,30.0,57:00.0,57:30.0,1050,1051,
229,N3,30.0,57:30.0,58:00.0,1051,1052,
230,N3,30.0,58:00.0,58:30.0,1052,1053,
231,N3,30.0,58:30.0,59:00.0,1053,1054,
232,N3,30.0,59:00.0,59:30.0,1054,1055,
233,N3,30.0,59:30.0,00:00.0,1055,1056,
234,N3,30.0,00:00.0,00:30.0,1056,1057,
235,N3,30.0,00:30.0,01:00.0,1057,1058,
236,N3,30.0,01:00.0,01:30.0,1058,1059,
237,Wake,30.0,01:30.0,02:00.0,1059,1060,
238,Wake,30.0,02:00.0,02:30.0,1060,1061,
239,N2,30.0,02:30.0,03:00.0,1061,1062,
240,N2,30.0,03:00.0,03:30.0,1062,1063,
241,N2,30.0,03:30.0,04:00.0,1063,1064,
242,N2,30.0,04:00.0,04:30.0,1064,1065,
243,N2,30.0,04:30.0,05:00.0,1065,1066,
244,N2,30.0,05:00.0,05:30.0,1066,1067,
245,N2,30.0,05:30.0,06:00.0,1067,1068,
246,N2,30.0,06:00.0,06:30.0,1068,1069,
247,N2,30.0,06:30.0,07:00.0,1069,1070,
248,N2,30.0,07:00.0,07:30.0,1070,1071,
249,N2,30.0,07:30.0,08:00.0,1071,1072,
250,REM,30.0,08:00.0,08:30.0,1072,1073,
251,REM,30.0,08:30.0,09:00.0,1073,1074,
252,REM,30.0,09:00.0,09:30.0,1074,1075,
253,REM,30.0,09:30.0,10:00.0,1075,1076,
254,Wake,30.0,10:00.0,10:30.0,1076,1077,
255,Wake,30.0,10:30.0,11:00.0,1077,1078,
256,REM,30.0,11:00.0,11:30.0,1078,1079,
257,REM,30.0,11:30.0,12:00.0,1079,1080,
258,REM,30.0,12:00.0,12:30.0,1080,1081,
259,REM,30.0,12:30.0,13:00.0,1081,1082,
260,REM,30.0,13:00.0,13:30.0,1082,1083,
261,REM,30.0,13:30.0,14:00.0,1083,1084,
262,REM,30.0,14:00.0,14:30.0,1084,1085,
263,REM,30.0,14:30.0,15:00.0,1085,1086,
264,REM,30.0,15:00.0,15:30.0,1086,1087,
265,REM,30.0,15:30.0,16:00.0,1087,1088,
266,Wake,30.0,16:00.0,16:30.0,1088,1089,
267,N1,30.0,16:30.0,17:00.0,1089,1090,
268,N1,30.0,17:00.0,17:30.0,1090,1091,
269,N1,30.0,17:30.0,18:00.0,1091,1092,
270,N1,30.0,18:00.0,18:30.0,1092,1093,
271,N2,30.0,18:30.0,19:00.0,1093,1094,
272,N2,30.0,19:00.0,19:30.0,1094,1095,
273,N2,30.0,19:30.0,20:00.0,1095,1096,
274,N2,30.0,20:00.0,20:30.0,1096,1097,
275,N2,30.0,20:30.0,21:00.0,1097,1098,
276,N2,30.0,21:00.0,21:30.0,1098,1099,
277,N2,30.0,21:30.0,22:00.0,1099,1100,
278,N2,30.0,22:00.0,22:30.0,1100,1101,
279,N2,30.0,22:30.0,23:00.0,1101,1102,
280,N2,30.0,23:00.0,23:30.0,1102,1103,
281,N2,30.0,23:30.0,24:00.0,1103,1104,
282,N2,30.0,24:00.0,24:30.0,1104,1105,
283,N2,30.0,24:30.0,25:00.0,1105,1106,
284,N2,30.0,25:00.0,25:30.0,1106,1107,
285,N2,30.0,25:30.0,26:00.0,1107,1108,
286,N2,30.0,26:00.0,26:30.0,1108,1109,
287,N2,30.0,26:30.0,27:00.0,1109,1110,
288,N2,30.0,27:00.0,27:30.0,1110,1111,
289,N2,30.0,27:30.0,28:00.0,1111,1112,
290,N2,30.0,28:00.0,28:30.0,1112,1113,
291,N2,30.0,28:30.0,29:00.0,1113,1114,
292,N2,30.0,29:00.0,29:30.0,1114,1115,
293,N2,30.0,29:30.0,30:00.0,1115,1116,
294,N2,30.0,30:00.0,30:30.0,1116,1117,
295,N2,30.0,30:30.0,31:00.0,1117,1118,
296,N2,30.0,31:00.0,31:30.0,1118,1119,
297,N2,30.0,31:30.0,32:00.0,1119,1120,
298,N2,30.0,32:00.0,32:30.0,1120,1121,
299,N2,30.0,32:30.0,33:00.0,1121,1122,
300,N2,30.0,33:00.0,33:30.0,1122,1123,
301,N2,30.0,33:30.0,34:00.0,1123,1124,
302,REM,30.0,34:00.0,34:30.0,1124,1125,
303,REM,30.0,34:30.0,35:00.0,1125,1126,
304,REM,30.0,35:00.0,35:30.0,1126,1127,
305,REM,30.0,35:30.0,36:00.0,1127,1128,
306,REM,30.0,36:00.0,36:30.0,1128,1129,
307,REM,30.0,36:30.0,37:00.0,1129,1130,
308,REM,30.0,37:00.0,37:30.0,1130,1131,
309,REM,30.0,37:30.0,38:00.0,1131,1132,
310,REM,30.0,38:00.0,38:30.0,1132,1133,
311,REM,30.0,38:30.0,39:00.0,1133,1134,
312,REM,30.0,39:00.0,39:30.0,1134,1135,
313,REM,30.0,39:30.0,40:00.0,1135,1136,
314,REM,30.0,40:00.0,40:30.0,1136,1137,
315,REM,30.0,40:30.0,41:00.0,1137,1138,
316,REM,30.0,41:00.0,41:30.0,1138,1139,
317,REM,30.0,41:30.0,42:00.0,1139,1140,
318,REM,30.0,42:00.0,42:30.0,1140,1141,
319,REM,30.0,42:30.0,43:00.0,1141,1142,
320,REM,30.0,43:00.0,43:30.0,1142,1143,
321,REM,30.0,43:30.0,44:00.0,1143,1144,
322,REM,30.0,44:00.0,44:30.0,1144,1145,
323,REM,30.0,44:30.0,45:00.0,1145,1146,
324,REM,30.0,45:00.0,45:30.0,1146,1147,
325,REM,30.0,45:30.0,46:00.0,1147,1148,
326,REM,30.0,46:00.0,46:30.0,1148,1149,
327,REM,30.0,46:30.0,47:00.0,1149,1150,
328,REM,30.0,47:00.0,47:30.0,1150,1151,
329,REM,30.0,47:30.0,48:00.0,1151,1152,
330,REM,30.0,48:00.0,48:30.0,1152,1153,
331,REM,30.0,48:30.0,49:00.0,1153,1154,
332,REM,30.0,49:00.0,49:30.0,1154,1155,
333,REM,30.0,49:30.0,50:00.0,1155,1156,
334,REM,30.0,50:00.0,50:30.0,1156,1157,
335,REM,30.0,50:30.0,51:00.0,1157,1158,
336,REM,30.0,51:00.0,51:30.0,1158,1159,
337,REM,30.0,51:30.0,52:00.0,1159,1160,
338,REM,30.0,52:00.0,52:30.0,1160,1161,
339,REM,30.0,52:30.0,53:00.0,1161,1162,
340,REM,30.0,53:00.0,53:30.0,1162,1163,
341,REM,30.0,53:30.0,54:00.0,1163,1164,
342,REM,30.0,54:00.0,54:30.0,1164,1165,
343,REM,30.0,54:30.0,55:00.0,1165,1166,
344,REM,30.0,55:00.0,55:30.0,1166,1167,
345,REM,30.0,55:30.0,56:00.0,1167,1168,
346,REM,30.0,56:00.0,56:30.0,1168,1169,
347,Wake,30.0,56:30.0,57:00.0,1169,1170,
348,REM,30.0,57:00.0,57:30.0,1170,1171,
349,REM,30.0,57:30.0,58:00.0,1171,1172,
350,REM,30.0,58:00.0,58:30.0,1172,1173,
351,N2,30.0,58:30.0,59:00.0,1173,1174,
352,N2,30.0,59:00.0,59:30.0,1174,1175,
353,N2,30.0,59:30.0,00:00.0,1175,1176,
354,N2,30.0,00:00.0,00:30.0,1176,1177,
355,N2,30.0,00:30.0,01:00.0,1177,1178,
356,N2,30.0,01:00.0,01:30.0,1178,1179,
357,N2,30.0,01:30.0,02:00.0,1179,1180,
358,Wake,30.0,02:00.0,02:30.0,1180,1181,
359,N2,30.0,02:30.0,03:00.0,1181,1182,
360,N1,30.0,03:00.0,03:30.0,1182,1183,
361,N2,30.0,03:30.0,04:00.0,1183,1184,
362,N2,30.0,04:00.0,04:30.0,1184,1185,
363,N2,30.0,04:30.0,05:00.0,1185,1186,
364,N2,30.0,05:00.0,05:30.0,1186,1187,
365,N2,30.0,05:30.0,06:00.0,1187,1188,
366,N2,30.0,06:00.0,06:30.0,1188,1189,
367,N2,30.0,06:30.0,07:00.0,1189,1190,
368,N2,30.0,07:00.0,07:30.0,1190,1191,
369,N2,30.0,07:30.0,08:00.0,1191,1192,
370,N2,30.0,08:00.0,08:30.0,1192,1193,
371,N3,30.0,08:30.0,09:00.0,1193,1194,
372,N3,30.0,09:00.0,09:30.0,1194,1195,
373,N3,30.0,09:30.0,10:00.0,1195,1196,
374,N3,30.0,10:00.0,10:30.0,1196,1197,
375,N3,30.0,10:30.0,11:00.0,1197,1198,
376,N3,30.0,11:00.0,11:30.0,1198,1199,
377,N3,30.0,11:30.0,12:00.0,1199,1200,
378,N3,30.0,12:00.0,12:30.0,1200,1201,
379,N3,30.0,12:30.0,13:00.0,1201,1202,
380,N3,30.0,13:00.0,13:30.0,1202,1203,
381,N3,30.0,13:30.0,14:00.0,1203,1204,
382,N3,30.0,14:00.0,14:30.0,1204,1205,
383,N3,30.0,14:30.0,15:00.0,1205,1206,
384,N3,30.0,15:00.0,15:30.0,1206,1207,
385,N3,30.0,15:30.0,16:00.0,1207,1208,
386,N3,30.0,16:00.0,16:30.0,1208,1209,
387,N3,30.0,16:30.0,17:00.0,1209,1210,
388,N3,30.0,17:00.0,17:30.0,1210,1211,
389,N3,30.0,17:30.0,18:00.0,1211,1212,
390,N3,30.0,18:00.0,18:30.0,1212,1213,
391,N3,30.0,18:30.0,19:00.0,1213,1214,
392,N3,30.0,19:00.0,19:30.0,1214,1215,
393,N3,30.0,19:30.0,20:00.0,1215,1216,
394,N3,30.0,20:00.0,20:30.0,1216,1217,
395,N3,30.0,20:30.0,21:00.0,1217,1218,
396,N3,30.0,21:00.0,21:30.0,1218,1219,
397,N3,30.0,21:30.0,22:00.0,1219,1220,
398,N3,30.0,22:00.0,22:30.0,1220,1221,
399,N3,30.0,22:30.0,23:00.0,1221,1222,
400,N3,30.0,23:00.0,23:30.0,1222,1223,
401,N3,30.0,23:30.0,24:00.0,1223,1224,
402,N3,30.0,24:00.0,24:30.0,1224,1225,
403,N3,30.0,24:30.0,25:00.0,1225,1226,
404,N3,30.0,25:00.0,25:30.0,1226,1227,
405,N3,30.0,25:30.0,26:00.0,1227,1228,
406,N3,30.0,26:00.0,26:30.0,1228,1229,
407,N3,30.0,26:30.0,27:00.0,1229,1230,
408,N3,30.0,27:00.0,27:30.0,1230,1231,
409,N3,30.0,27:30.0,28:00.0,1231,1232,
410,N3,30.0,28:00.0,28:30.0,1232,1233,
411,N3,30.0,28:30.0,29:00.0,1233,1234,
412,N3,30.0,29:00.0,29:30.0,1234,1235,
413,N3,30.0,29:30.0,30:00.0,1235,1236,
414,N3,30.0,30:00.0,30:30.0,1236,1237,
415,N3,30.0,30:30.0,31:00.0,1237,1238,
416,N3,30.0,31:00.0,31:30.0,1238,1239,
417,N3,30.0,31:30.0,32:00.0,1239,1240,
418,N3,30.0,32:00.0,32:30.0,1240,1241,
419,N3,30.0,32:30.0,33:00.0,1241,1242,
420,N3,30.0,33:00.0,33:30.0,1242,1243,
421,N3,30.0,33:30.0,34:00.0,1243,1244,
422,N3,30.0,34:00.0,34:30.0,1244,1245,
423,N3,30.0,34:30.0,35:00.0,1245,1246,
424,N3,30.0,35:00.0,35:30.0,1246,1247,
425,N3,30.0,35:30.0,36:00.0,1247,1248,
426,N3,30.0,36:00.0,36:30.0,1248,1249,
427,N3,30.0,36:30.0,37:00.0,1249,1250,
428,N3,30.0,37:00.0,37:30.0,1250,1251,
429,N3,30.0,37:30.0,38:00.0,1251,1252,
430,N3,30.0,38:00.0,38:30.0,1252,1253,
431,N3,30.0,38:30.0,39:00.0,1253,1254,
432,N3,30.0,39:00.0,39:30.0,1254,1255,
433,N3,30.0,39:30.0,40:00.0,1255,1256,
434,N3,30.0,40:00.0,40:30.0,1256,1257,
435,N3,30.0,40:30.0,41:00.0,1257,1258,
436,N3,30.0,41:00.0,41:30.0,1258,1259,
437,N3,30.0,41:30.0,42:00.0,1259,1260,
438,N3,30.0,42:00.0,42:30.0,1260,1261,
439,N3,30.0,42:30.0,43:00.0,1261,1262,
440,N3,30.0,43:00.0,43:30.0,1262,1263,
441,N3,30.0,43:30.0,44:00.0,1263,1264,
442,N3,30.0,44:00.0,44:30.0,1264,1265,
443,N3,30.0,44:30.0,45:00.0,1265,1266,
444,N3,30.0,45:00.0,45:30.0,1266,1267,
445,N3,30.0,45:30.0,46:00.0,1267,1268,
446,N3,30.0,46:00.0,46:30.0,1268,1269,
447,N3,30.0,46:30.0,47:00.0,1269,1270,
448,N3,30.0,47:00.0,47:30.0,1270,1271,
449,N3,30.0,47:30.0,48:00.0,1271,1272,
450,N3,30.0,48:00.0,48:30.0,1272,1273,
451,N3,30.0,48:30.0,49:00.0,1273,1274,
452,N3,30.0,49:00.0,49:30.0,1274,1275,
453,N3,30.0,49:30.0,50:00.0,1275,1276,
454,N3,30.0,50:00.0,50:30.0,1276,1277,
455,N3,30.0,50:30.0,51:00.0,1277,1278,
456,N3,30.0,51:00.0,51:30.0,1278,1279,
457,N3,30.0,51:30.0,52:00.0,1279,1280,
458,N3,30.0,52:00.0,52:30.0,1280,1281,
459,N3,30.0,52:30.0,53:00.0,1281,1282,
460,N3,30.0,53:00.0,53:30.0,1282,1283,
461,N3,30.0,53:30.0,54:00.0,1283,1284,
462,N3,30.0,54:00.0,54:30.0,1284,1285,
463,N3,30.0,54:30.0,55:00.0,1285,1286,
464,N3,30.0,55:00.0,55:30.0,1286,1287,
465,N3,30.0,55:30.0,56:00.0,1287,1288,
466,N3,30.0,56:00.0,56:30.0,1288,1289,
467,N3,30.0,56:30.0,57:00.0,1289,1290,
468,N3,30.0,57:00.0,57:30.0,1290,1291,
469,N3,30.0,57:30.0,58:00.0,1291,1292,
470,N3,30.0,58:00.0,58:30.0,1292,1293,
471,Wake,30.0,58:30.0,59:00.0,1293,1294,
472,N3,30.0,59:00.0,59:30.0,1294,1295,
473,N3,30.0,59:30.0,00:00.0,1295,1296,
474,N3,30.0,00:00.0,00:30.0,1296,1297,
475,N3,30.0,00:30.0,01:00.0,1297,1298,
476,N3,30.0,01:00.0,01:30.0,1298,1299,
477,N3,30.0,01:30.0,02:00.0,1299,1300,
478,N3,30.0,02:00.0,02:30.0,1300,1301,
479,N3,30.0,02:30.0,03:00.0,1301,1302,
480,N3,30.0,03:00.0,03:30.0,1302,1303,
481,N3,30.0,03:30.0,04:00.0,1303,1304,
482,N3,30.0,04:00.0,04:30.0,1304,1305,
483,N3,30.0,04:30.0,05:00.0,1305,1306,
484,N3,30.0,05:00.0,05:30.0,1306,1307,
485,N3,30.0,05:30.0,06:00.0,1307,1308,
486,N3,30.0,06:00.0,06:30.0,1308,1309,
487,N2,30.0,06:30.0,07:00.0,1309,1310,
488,Wake,30.0,07:00.0,07:30.0,1310,1311,
489,N2,30.0,07:30.0,08:00.0,1311,1312,
490,REM,30.0,08:00.0,08:30.0,1312,1313,
491,REM,30.0,08:30.0,09:00.0,1313,1314,
492,REM,30.0,09:00.0,09:30.0,1314,1315,
493,REM,30.0,09:30.0,10:00.0,1315,1316,
494,Wake,30.0,10:00.0,10:30.0,1316,1317,
495,N1,30.0,10:30.0,11:00.0,1317,1318,
496,N2,30.0,11:00.0,11:30.0,1318,1319,
497,REM,30.0,11:30.0,12:00.0,1319,1320,
498,REM,30.0,12:00.0,12:30.0,1320,1321,
499,REM,30.0,12:30.0,13:00.0,1321,1322,
500,REM,30.0,13:00.0,13:30.0,1322,1323,
501,REM,30.0,13:30.0,14:00.0,1323,1324,
502,REM,30.0,14:00.0,14:30.0,1324,1325,
503,REM,30.0,14:30.0,15:00.0,1325,1326,
504,REM,30.0,15:00.0,15:30.0,1326,1327,
505,REM,30.0,15:30.0,16:00.0,1327,1328,
506,REM,30.0,16:00.0,16:30.0,1328,1329,
507,REM,30.0,16:30.0,17:00.0,1329,1330,
508,REM,30.0,17:00.0,17:30.0,1330,1331,
509,REM,30.0,17:30.0,18:00.0,1331,1332,
510,REM,30.0,18:00.0,18:30.0,1332,1333,
511,REM,30.0,18:30.0,19:00.0,1333,1334,
512,REM,30.0,19:00.0,19:30.0,1334,1335,
513,REM,30.0,19:30.0,20:00.0,1335,1336,
514,REM,30.0,20:00.0,20:30.0,1336,1337,
515,REM,30.0,20:30.0,21:00.0,1337,1338,
516,REM,30.0,21:00.0,21:30.0,1338,1339,
517,REM,30.0,21:30.0,22:00.0,1339,1340,
518,REM,30.0,22:00.0,22:30.0,1340,1341,
519,REM,30.0,22:30.0,23:00.0,1341,1342,
520,REM,30.0,23:00.0,23:30.0,1342,1343,
521,REM,30.0,23:30.0,24:00.0,1343,1344,
522,REM,30.0,24:00.0,24:30.0,1344,1345,
523,REM,30.0,24:30.0,25:00.0,1345,1346,
524,REM,30.0,25:00.0,25:30.0,1346,1347,
525,REM,30.0,25:30.0,26:00.0,1347,1348,
526,REM,30.0,26:00.0,26:30.0,1348,1349,
527,REM,30.0,26:30.0,27:00.0,1349,1350,
528,REM,30.0,27:00.0,27:30.0,1350,1351,
529,REM,30.0,27:30.0,28:00.0,1351,1352,
530,REM,30.0,28:00.0,28:30.0,1352,1353,
531,REM,30.0,28:30.0,29:00.0,1353,1354,
532,REM,30.0,29:00.0,29:30.0,1354,1355,
533,REM,30.0,29:30.0,30:00.0,1355,1356,
534,REM,30.0,30:00.0,30:30.0,1356,1357,
535,REM,30.0,30:30.0,31:00.0,1357,1358,
536,REM,30.0,31:00.0,31:30.0,1358,1359,
537,Wake,30.0,31:30.0,32:00.0,1359,1360,
538,REM,30.0,32:00.0,32:30.0,1360,1361,
539,REM,30.0,32:30.0,33:00.0,1361,1362,
540,REM,30.0,33:00.0,33:30.0,1362,1363,
541,REM,30.0,33:30.0,34:00.0,1363,1364,
542,REM,30.0,34:00.0,34:30.0,1364,1365,
543,REM,30.0,34:30.0,35:00.0,1365,1366,
544,REM,30.0,35:00.0,35:30.0,1366,1367,
545,REM,30.0,35:30.0,36:00.0,1367,1368,
546,REM,30.0,36:00.0,36:30.0,1368,1369,
547,REM,30.0,36:30.0,37:00.0,1369,1370,
548,REM,30.0,37:00.0,37:30.0,1370,1371,
549,REM,30.0,37:30.0,38:00.0,1371,1372,
550,REM,30.0,38:00.0,38:30.0,1372,1373,
551,REM,30.0,38:30.0,39:00.0,1373,1374,
552,REM,30.0,39:00.0,39:30.0,1374,1375,
553,N2,30.0,39:30.0,40:00.0,1375,1376,
554,N2,30.0,40:00.0,40:30.0,1376,1377,
555,N2,30.0,40:30.0,41:00.0,1377,1378,
556,Wake,30.0,41:00.0,41:30.0,1378,1379,
557,N2,30.0,41:30.0,42:00.0,1379,1380,
558,N2,30.0,42:00.0,42:30.0,1380,1381,
559,N2,30.0,42:30.0,43:00.0,1381,1382,
560,N2,30.0,43:00.0,43:30.0,1382,1383,
561,N2,30.0,43:30.0,44:00.0,1383,1384,
562,N2,30.0,44:00.0,44:30.0,1384,1385,
563,N2,30.0,44:30.0,45:00.0,1385,1386,
564,N2,30.0,45:00.0,45:30.0,1386,1387,
565,N2,30.0,45:30.0,46:00.0,1387,1388,
566,N2,30.0,46:00.0,46:30.0,1388,1389,
567,N2,30.0,46:30.0,47:00.0,1389,1390,
568,N2,30.0,47:00.0,47:30.0,1390,1391,
569,N2,30.0,47:30.0,48:00.0,1391,1392,
570,N2,30.0,48:00.0,48:30.0,1392,1393,
571,N2,30.0,48:30.0,49:00.0,1393,1394,
572,N2,30.0,49:00.0,49:30.0,1394,1395,
573,N2,30.0,49:30.0,50:00.0,1395,1396,
574,N2,30.0,50:00.0,50:30.0,1396,1397,
575,N2,30.0,50:30.0,51:00.0,1397,1398,
576,N2,30.0,51:00.0,51:30.0,1398,1399,
577,N2,30.0,51:30.0,52:00.0,1399,1400,
578,N2,30.0,52:00.0,52:30.0,1400,1401,
579,N2,30.0,52:30.0,53:00.0,1401,1402,
580,REM,30.0,53:00.0,53:30.0,1402,1403,
581,Wake,30.0,53:30.0,54:00.0,1403,1404,
582,N1,30.0,54:00.0,54:30.0,1404,1405,
583,N2,30.0,54:30.0,55:00.0,1405,1406,
584,N2,30.0,55:00.0,55:30.0,1406,1407,
585,N2,30.0,55:30.0,56:00.0,1407,1408,
586,N2,30.0,56:00.0,56:30.0,1408,1409,
587,N2,30.0,56:30.0,57:00.0,1409,1410,
588,N2,30.0,57:00.0,57:30.0,1410,1411,
589,N2,30.0,57:30.0,58:00.0,1411,1412,
590,N2,30.0,58:00.0,58:30.0,1412,1413,
591,N2,30.0,58:30.0,59:00.0,1413,1414,
592,N2,30.0,59:00.0,59:30.0,1414,1415,
593,N2,30.0,59:30.0,00:00.0,1415,1416,
594,N2,30.0,00:00.0,00:30.0,1416,1417,
595,N2,30.0,00:30.0,01:00.0,1417,1418,
596,N2,30.0,01:00.0,01:30.0,1418,1419,
597,N2,30.0,01:30.0,02:00.0,1419,1420,
598,N2,30.0,02:00.0,02:30.0,1420,1421,
599,N2,30.0,02:30.0,03:00.0,1421,1422,
600,N2,30.0,03:00.0,03:30.0,1422,1423,
601,N2,30.0,03:30.0,04:00.0,1423,1424,
602,N2,30.0,04:00.0,04:30.0,1424,1425,
603,N2,30.0,04:30.0,05:00.0,1425,1426,
604,N2,30.0,05:00.0,05:30.0,1426,1427,
605,N2,30.0,05:30.0,06:00.0,1427,1428,
606,N2,30.0,06:00.0,06:30.0,1428,1429,
607,N2,30.0,06:30.0,07:00.0,1429,1430,
608,N2,30.0,07:00.0,07:30.0,1430,1431,
609,N3,30.0,07:30.0,08:00.0,1431,1432,
610,N3,30.0,08:00.0,08:30.0,1432,1433,
611,N2,30.0,08:30.0,09:00.0,1433,1434,
612,N2,30.0,09:00.0,09:30.0,1434,1435,
613,N2,30.0,09:30.0,10:00.0,1435,1436,
614,N2,30.0,10:00.0,10:30.0,1436,1437,
615,N2,30.0,10:30.0,11:00.0,1437,1438,
616,N2,30.0,11:00.0,11:30.0,1438,1439,
617,N3,30.0,11:30.0,12:00.0,1439,1440,
618,N2,30.0,12:00.0,12:30.0,1440,1441,
619,N2,30.0,12:30.0,13:00.0,1441,1442,
620,N3,30.0,13:00.0,13:30.0,1442,1443,
621,N2,30.0,13:30.0,14:00.0,1443,1444,
622,N3,30.0,14:00.0,14:30.0,1444,1445,
623,N3,30.0,14:30.0,15:00.0,1445,1446,
624,N3,30.0,15:00.0,15:30.0,1446,1447,
625,N3,30.0,15:30.0,16:00.0,1447,1448,
626,N3,30.0,16:00.0,16:30.0,1448,1449,
627,N3,30.0,16:30.0,17:00.0,1449,1450,
628,N3,30.0,17:00.0,17:30.0,1450,1451,
629,N3,30.0,17:30.0,18:00.0,1451,1452,
630,N3,30.0,18:00.0,18:30.0,1452,1453,
631,N3,30.0,18:30.0,19:00.0,1453,1454,
632,N3,30.0,19:00.0,19:30.0,1454,1455,
633,N3,30.0,19:30.0,20:00.0,1455,1456,
634,N3,30.0,20:00.0,20:30.0,1456,1457,
635,N3,30.0,20:30.0,21:00.0,1457,1458,
636,N3,30.0,21:00.0,21:30.0,1458,1459,
637,N3,30.0,21:30.0,22:00.0,1459,1460,
638,N3,30.0,22:00.0,22:30.0,1460,1461,
639,N3,30.0,22:30.0,23:00.0,1461,1462,
640,N3,30.0,23:00.0,23:30.0,1462,1463,
641,N3,30.0,23:30.0,24:00.0,1463,1464,
642,N3,30.0,24:00.0,24:30.0,1464,1465,
643,N3,30.0,24:30.0,25:00.0,1465,1466,
644,N3,30.0,25:00.0,25:30.0,1466,1467,
645,N3,30.0,25:30.0,26:00.0,1467,1468,
646,N3,30.0,26:00.0,26:30.0,1468,1469,
647,N3,30.0,26:30.0,27:00.0,1469,1470,
648,N3,30.0,27:00.0,27:30.0,1470,1471,
649,N3,30.0,27:30.0,28:00.0,1471,1472,
650,N3,30.0,28:00.0,28:30.0,1472,1473,
651,N3,30.0,28:30.0,29:00.0,1473,1474,
652,N3,30.0,29:00.0,29:30.0,1474,1475,
653,N3,30.0,29:30.0,30:00.0,1475,1476,
654,N3,30.0,30:00.0,30:30.0,1476,1477,
655,N3,30.0,30:30.0,31:00.0,1477,1478,
656,N3,30.0,31:00.0,31:30.0,1478,1479,
657,N3,30.0,31:30.0,32:00.0,1479,1480,
658,Wake,30.0,32:00.0,32:30.0,1480,1481,
659,Wake,30.0,32:30.0,33:00.0,1481,1482,
660,Wake,30.0,33:00.0,33:30.0,1482,1483,
661,Wake,30.0,33:30.0,34:00.0,1483,1484,
662,N2,30.0,34:00.0,34:30.0,1484,1485,
663,N2,30.0,34:30.0,35:00.0,1485,1486,
664,N2,30.0,35:00.0,35:30.0,1486,1487,
665,N2,30.0,35:30.0,36:00.0,1487,1488,
666,N2,30.0,36:00.0,36:30.0,1488,1489,
667,N2,30.0,36:30.0,37:00.0,1489,1490,
668,N2,30.0,37:00.0,37:30.0,1490,1491,
669,N2,30.0,37:30.0,38:00.0,1491,1492,
670,N2,30.0,38:00.0,38:30.0,1492,1493,
671,N2,30.0,38:30.0,39:00.0,1493,1494,
672,N2,30.0,39:00.0,39:30.0,1494,1495,
673,N3,30.0,39:30.0,40:00.0,1495,1496,
674,N2,30.0,40:00.0,40:30.0,1496,1497,
675,N3,30.0,40:30.0,41:00.0,1497,1498,
676,N2,30.0,41:00.0,41:30.0,1498,1499,
677,N2,30.0,41:30.0,42:00.0,1499,1500,
678,N3,30.0,42:00.0,42:30.0,1500,1501,
679,N3,30.0,42:30.0,43:00.0,1501,1502,
680,N3,30.0,43:00.0,43:30.0,1502,1503,
681,N3,30.0,43:30.0,44:00.0,1503,1504,
682,N3,30.0,44:00.0,44:30.0,1504,1505,
683,N3,30.0,44:30.0,45:00.0,1505,1506,
684,N3,30.0,45:00.0,45:30.0,1506,1507,
685,N3,30.0,45:30.0,46:00.0,1507,1508,
686,N2,30.0,46:00.0,46:30.0,1508,1509,
687,N2,30.0,46:30.0,47:00.0,1509,1510,
688,N2,30.0,47:00.0,47:30.0,1510,1511,
689,N1,30.0,47:30.0,48:00.0,1511,1512,
690,N2,30.0,48:00.0,48:30.0,1512,1513,
691,N2,30.0,48:30.0,49:00.0,1513,1514,
692,N2,30.0,49:00.0,49:30.0,1514,1515,
693,N2,30.0,49:30.0,50:00.0,1515,1516,
694,N2,30.0,50:00.0,50:30.0,1516,1517,
695,N2,30.0,50:30.0,51:00.0,1517,1518,
696,N2,30.0,51:00.0,51:30.0,1518,1519,
697,N2,30.0,51:30.0,52:00.0,1519,1520,
698,N2,30.0,52:00.0,52:30.0,1520,1521,
699,N2,30.0,52:30.0,53:00.0,1521,1522,
700,N2,30.0,53:00.0,53:30.0,1522,1523,
701,N2,30.0,53:30.0,54:00.0,1523,1524,
702,REM,30.0,54:00.0,54:30.0,1524,1525,
703,N2,30.0,54:30.0,55:00.0,1525,1526,
704,Wake,30.0,55:00.0,55:30.0,1526,1527,
705,N2,30.0,55:30.0,56:00.0,1527,1528,
706,N2,30.0,56:00.0,56:30.0,1528,1529,
707,N2,30.0,56:30.0,57:00.0,1529,1530,
708,N2,30.0,57:00.0,57:30.0,1530,1531,
709,REM,30.0,57:30.0,58:00.0,1531,1532,
710,REM,30.0,58:00.0,58:30.0,1532,1533,
711,REM,30.0,58:30.0,59:00.0,1533,1534,
712,REM,30.0,59:00.0,59:30.0,1534,1535,
713,REM,30.0,59:30.0,00:00.0,1535,1536,
714,REM,30.0,00:00.0,00:30.0,1536,1537,
715,REM,30.0,00:30.0,01:00.0,1537,1538,
716,REM,30.0,01:00.0,01:30.0,1538,1539,
717,REM,30.0,01:30.0,02:00.0,1539,1540,
718,REM,30.0,02:00.0,02:30.0,1540,1541,
719,REM,30.0,02:30.0,03:00.0,1541,1542,
720,REM,30.0,03:00.0,03:30.0,1542,1543,
721,REM,30.0,03:30.0,04:00.0,1543,1544,
722,REM,30.0,04:00.0,04:30.0,1544,1545,
723,REM,30.0,04:30.0,05:00.0,1545,1546,
724,REM,30.0,05:00.0,05:30.0,1546,1547,
725,REM,30.0,05:30.0,06:00.0,1547,1548,
726,REM,30.0,06:00.0,06:30.0,1548,1549,
727,REM,30.0,06:30.0,07:00.0,1549,1550,
728,REM,30.0,07:00.0,07:30.0,1550,1551,
729,REM,30.0,07:30.0,08:00.0,1551,1552,
730,REM,30.0,08:00.0,08:30.0,1552,1553,
731,REM,30.0,08:30.0,09:00.0,1553,1554,
732,REM,30.0,09:00.0,09:30.0,1554,1555,
733,REM,30.0,09:30.0,10:00.0,1555,1556,
734,REM,30.0,10:00.0,10:30.0,1556,1557,
735,REM,30.0,10:30.0,11:00.0,1557,1558,
736,Wake,30.0,11:00.0,11:30.0,1558,1559,
737,REM,30.0,11:30.0,12:00.0,1559,1560,
738,REM,30.0,12:00.0,12:30.0,1560,1561,
739,REM,30.0,12:30.0,13:00.0,1561,1562,
740,REM,30.0,13:00.0,13:30.0,1562,1563,
741,REM,30.0,13:30.0,14:00.0,1563,1564,
742,REM,30.0,14:00.0,14:30.0,1564,1565,
743,REM,30.0,14:30.0,15:00.0,1565,1566,
744,REM,30.0,15:00.0,15:30.0,1566,1567,
745,REM,30.0,15:30.0,16:00.0,1567,1568,
746,REM,30.0,16:00.0,16:30.0,1568,1569,
747,REM,30.0,16:30.0,17:00.0,1569,1570,
748,Wake,30.0,17:00.0,17:30.0,1570,1571,
749,REM,30.0,17:30.0,18:00.0,1571,1572,
750,REM,30.0,18:00.0,18:30.0,1572,1573,
751,REM,30.0,18:30.0,19:00.0,1573,1574,
752,REM,30.0,19:00.0,19:30.0,1574,1575,
753,REM,30.0,19:30.0,20:00.0,1575,1576,
754,REM,30.0,20:00.0,20:30.0,1576,1577,
755,REM,30.0,20:30.0,21:00.0,1577,1578,
756,REM,30.0,21:00.0,21:30.0,1578,1579,
757,REM,30.0,21:30.0,22:00.0,1579,1580,
758,REM,30.0,22:00.0,22:30.0,1580,1581,
759,REM,30.0,22:30.0,23:00.0,1581,1582,
760,REM,30.0,23:00.0,23:30.0,1582,1583,
761,REM,30.0,23:30.0,24:00.0,1583,1584,
762,REM,30.0,24:00.0,24:30.0,1584,1585,
763,REM,30.0,24:30.0,25:00.0,1585,1586,
764,REM,30.0,25:00.0,25:30.0,1586,1587,
765,REM,30.0,25:30.0,26:00.0,1587,1588,
766,REM,30.0,26:00.0,26:30.0,1588,1589,
767,REM,30.0,26:30.0,27:00.0,1589,1590,
768,REM,30.0,27:00.0,27:30.0,1590,1591,
769,REM,30.0,27:30.0,28:00.0,1591,1592,
770,REM,30.0,28:00.0,28:30.0,1592,1593,
771,REM,30.0,28:30.0,29:00.0,1593,1594,
772,REM,30.0,29:00.0,29:30.0,1594,1595,
773,REM,30.0,29:30.0,30:00.0,1595,1596,
774,REM,30.0,30:00.0,30:30.0,1596,1597,
775,REM,30.0,30:30.0,31:00.0,1597,1598,
776,Wake,30.0,31:00.0,31:30.0,1598,1599,
777,N2,30.0,31:30.0,32:00.0,1599,1600,
778,N2,30.0,32:00.0,32:30.0,1600,1601,
779,REM,30.0,32:30.0,33:00.0,1601,1602,
780,REM,30.0,33:00.0,33:30.0,1602,1603,
781,REM,30.0,33:30.0,34:00.0,1603,1604,
782,REM,30.0,34:00.0,34:30.0,1604,1605,
783,REM,30.0,34:30.0,35:00.0,1605,1606,
784,N2,30.0,35:00.0,35:30.0,1606,1607,
785,N2,30.0,35:30.0,36:00.0,1607,1608,
786,N2,30.0,36:00.0,36:30.0,1608,1609,
787,N2,30.0,36:30.0,37:00.0,1609,1610,
788,N2,30.0,37:00.0,37:30.0,1610,1611,
789,N2,30.0,37:30.0,38:00.0,1611,1612,
790,N2,30.0,38:00.0,38:30.0,1612,1613,
791,N2,30.0,38:30.0,39:00.0,1613,1614,
792,N2,30.0,39:00.0,39:30.0,1614,1615,
793,N2,30.0,39:30.0,40:00.0,1615,1616,
794,N2,30.0,40:00.0,40:30.0,1616,1617,
795,N2,30.0,40:30.0,41:00.0,1617,1618,
796,N2,30.0,41:00.0,41:30.0,1618,1619,
797,N2,30.0,41:30.0,42:00.0,1619,1620,
798,N2,30.0,42:00.0,42:30.0,1620,1621,
799,REM,30.0,42:30.0,43:00.0,1621,1622,
800,Wake,30.0,43:00.0,43:30.0,1622,1623,
801,N2,30.0,43:30.0,44:00.0,1623,1624,
802,N2,30.0,44:00.0,44:30.0,1624,1625,
803,N2,30.0,44:30.0,45:00.0,1625,1626,
804,N2,30.0,45:00.0,45:30.0,1626,1627,
805,N2,30.0,45:30.0,46:00.0,1627,1628,
806,N2,30.0,46:00.0,46:30.0,1628,1629,
807,N2,30.0,46:30.0,47:00.0,1629,1630,
808,REM,30.0,47:00.0,47:30.0,1630,1631,
809,REM,30.0,47:30.0,48:00.0,1631,1632,
810,REM,30.0,48:00.0,48:30.0,1632,1633,
811,REM,30.0,48:30.0,49:00.0,1633,1634,
812,Wake,30.0,49:00.0,49:30.0,1634,1635,
813,REM,30.0,49:30.0,50:00.0,1635,1636,
814,REM,30.0,50:00.0,50:30.0,1636,1637,
815,REM,30.0,50:30.0,51:00.0,1637,1638,
816,REM,30.0,51:00.0,51:30.0,1638,1639,
817,REM,30.0,51:30.0,52:00.0,1639,1640,
818,REM,30.0,52:00.0,52:30.0,1640,1641,
819,REM,30.0,52:30.0,53:00.0,1641,1642,
820,N2,30.0,53:00.0,53:30.0,1642,1643,
821,N2,30.0,53:30.0,54:00.0,1643,1644,
822,N2,30.0,54:00.0,54:30.0,1644,1645,
823,N2,30.0,54:30.0,55:00.0,1645,1646,
824,N2,30.0,55:00.0,55:30.0,1646,1647,
825,N2,30.0,55:30.0,56:00.0,1647,1648,
826,N2,30.0,56:00.0,56:30.0,1648,1649,
827,N2,30.0,56:30.0,57:00.0,1649,1650,
828,N2,30.0,57:00.0,57:30.0,1650,1651,
829,N2,30.0,57:30.0,58:00.0,1651,1652,
830,N2,30.0,58:00.0,58:30.0,1652,1653,
831,N2,30.0,58:30.0,59:00.0,1653,1654,
832,N2,30.0,59:00.0,59:30.0,1654,1655,
833,N2,30.0,59:30.0,00:00.0,1655,1656,
834,N2,30.0,00:00.0,00:30.0,1656,1657,
835,N2,30.0,00:30.0,01:00.0,1657,1658,
836,N2,30.0,01:00.0,01:30.0,1658,1659,
837,N2,30.0,01:30.0,02:00.0,1659,1660,
838,N2,30.0,02:00.0,02:30.0,1660,1661,
839,N3,30.0,02:30.0,03:00.0,1661,1662,
840,N2,30.0,03:00.0,03:30.0,1662,1663,
841,N2,30.0,03:30.0,04:00.0,1663,1664,
842,N2,30.0,04:00.0,04:30.0,1664,1665,
843,N2,30.0,04:30.0,05:00.0,1665,1666,
844,N2,30.0,05:00.0,05:30.0,1666,1667,
845,N3,30.0,05:30.0,06:00.0,1667,1668,
846,N2,30.0,06:00.0,06:30.0,1668,1669,
847,N2,30.0,06:30.0,07:00.0,1669,1670,
848,N2,30.0,07:00.0,07:30.0,1670,1671,
849,N2,30.0,07:30.0,08:00.0,1671,1672,
850,N2,30.0,08:00.0,08:30.0,1672,1673,
851,N3,30.0,08:30.0,09:00.0,1673,1674,
852,N2,30.0,09:00.0,09:30.0,1674,1675,
853,N2,30.0,09:30.0,10:00.0,1675,1676,
854,N3,30.0,10:00.0,10:30.0,1676,1677,
855,N3,30.0,10:30.0,11:00.0,1677,1678,
856,N3,30.0,11:00.0,11:30.0,1678,1679,
857,N3,30.0,11:30.0,12:00.0,1679,1680,
858,N3,30.0,12:00.0,12:30.0,1680,1681,
859,N3,30.0,12:30.0,13:00.0,1681,1682,
860,N3,30.0,13:00.0,13:30.0,1682,1683,
861,N3,30.0,13:30.0,14:00.0,1683,1684,
862,N3,30.0,14:00.0,14:30.0,1684,1685,
863,N3,30.0,14:30.0,15:00.0,1685,1686,
864,N3,30.0,15:00.0,15:30.0,1686,1687,
865,N3,30.0,15:30.0,16:00.0,1687,1688,
866,N3,30.0,16:00.0,16:30.0,1688,1689,
867,N3,30.0,16:30.0,17:00.0,1689,1690,
868,N3,30.0,17:00.0,17:30.0,1690,1691,
869,N3,30.0,17:30.0,18:00.0,1691,1692,
870,N3,30.0,18:00.0,18:30.0,1692,1693,
871,N3,30.0,18:30.0,19:00.0,1693,1694,
872,N3,30.0,19:00.0,19:30.0,1694,1695,
873,N3,30.0,19:30.0,20:00.0,1695,1696,
874,N3,30.0,20:00.0,20:30.0,1696,1697,
875,N3,30.0,20:30.0,21:00.0,1697,1698,
876,N3,30.0,21:00.0,21:30.0,1698,1699,
877,N3,30.0,21:30.0,22:00.0,1699,1700,
878,N3,30.0,22:00.0,22:30.0,1700,1701,
879,N3,30.0,22:30.0,23:00.0,1701,1702,
880,N3,30.0,23:00.0,23:30.0,1702,1703,
881,N3,30.0,23:30.0,24:00.0,1703,1704,
882,N3,30.0,24:00.0,24:30.0,1704,1705,
883,N3,30.0,24:30.0,25:00.0,1705,1706,
884,N3,30.0,25:00.0,25:30.0,1706,1707,
885,N3,30.0,25:30.0,26:00.0,1707,1708,
886,N3,30.0,26:00.0,26:30.0,1708,1709,
887,N3,30.0,26:30.0,27:00.0,1709,1710,
888,N3,30.0,27:00.0,27:30.0,1710,1711,
889,N3,30.0,27:30.0,28:00.0,1711,1712,
890,N3,30.0,28:00.0,28:30.0,1712,1713,
891,N3,30.0,28:30.0,29:00.0,1713,1714,
892,N3,30.0,29:00.0,29:30.0,1714,1715,
893,N3,30.0,29:30.0,30:00.0,1715,1716,
894,N3,30.0,30:00.0,30:30.0,1716,1717,
895,N3,30.0,30:30.0,31:00.0,1717,1718,
896,N3,30.0,31:00.0,31:30.0,1718,1719,
897,N3,30.0,31:30.0,32:00.0,1719,1720,
898,N3,30.0,32:00.0,32:30.0,1720,1721,
899,N3,30.0,32:30.0,33:00.0,1721,1722,
900,N3,30.0,33:00.0,33:30.0,1722,1723,
901,N3,30.0,33:30.0,34:00.0,1723,1724,
902,Wake,30.0,34:00.0,34:30.0,1724,1725,
903,Wake,30.0,34:30.0,35:00.0,1725,1726,
904,N1,30.0,35:00.0,35:30.0,1726,1727,
905,N2,30.0,35:30.0,36:00.0,1727,1728,
906,N2,30.0,36:00.0,36:30.0,1728,1729,
907,N2,30.0,36:30.0,37:00.0,1729,1730,
908,N2,30.0,37:00.0,37:30.0,1730,1731,
909,Wake,30.0,37:30.0,38:00.0,1731,1732,
910,N2,30.0,38:00.0,38:30.0,1732,1733,
911,N2,30.0,38:30.0,39:00.0,1733,1734,
912,N2,30.0,39:00.0,39:30.0,1734,1735,
913,N2,30.0,39:30.0,40:00.0,1735,1736,
914,N2,30.0,40:00.0,40:30.0,1736,1737,
915,N2,30.0,40:30.0,41:00.0,1737,1738,
916,N2,30.0,41:00.0,41:30.0,1738,1739,
917,N2,30.0,41:30.0,42:00.0,1739,1740,
918,N2,30.0,42:00.0,42:30.0,1740,1741,
919,N2,30.0,42:30.0,43:00.0,1741,1742,
920,N2,30.0,43:00.0,43:30.0,1742,1743,
921,N2,30.0,43:30.0,44:00.0,1743,1744,
922,N2,30.0,44:00.0,44:30.0,1744,1745,
923,N2,30.0,44:30.0,45:00.0,1745,1746,
924,N2,30.0,45:00.0,45:30.0,1746,1747,
925,N2,30.0,45:30.0,46:00.0,1747,1748,
926,N2,30.0,46:00.0,46:30.0,1748,1749,
927,N2,30.0,46:30.0,47:00.0,1749,1750,
928,N2,30.0,47:00.0,47:30.0,1750,1751,
929,N2,30.0,47:30.0,48:00.0,1751,1752,
930,REM,30.0,48:00.0,48:30.0,1752,1753,
931,REM,30.0,48:30.0,49:00.0,1753,1754,
932,REM,30.0,49:00.0,49:30.0,1754,1755,
933,REM,30.0,49:30.0,50:00.0,1755,1756,
934,REM,30.0,50:00.0,50:30.0,1756,1757,
935,REM,30.0,50:30.0,51:00.0,1757,1758,
936,REM,30.0,51:00.0,51:30.0,1758,1759,
937,REM,30.0,51:30.0,52:00.0,1759,1760,
938,REM,30.0,52:00.0,52:30.0,1760,1761,
939,REM,30.0,52:30.0,53:00.0,1761,1762,
940,REM,30.0,53:00.0,53:30.0,1762,1763,
941,REM,30.0,53:30.0,54:00.0,1763,1764,
942,REM,30.0,54:00.0,54:30.0,1764,1765,
943,REM,30.0,54:30.0,55:00.0,1765,1766,
944,REM,30.0,55:00.0,55:30.0,1766,1767,
945,REM,30.0,55:30.0,56:00.0,1767,1768,
946,REM,30.0,56:00.0,56:30.0,1768,1769,
947,REM,30.0,56:30.0,57:00.0,1769,1770,
948,REM,30.0,57:00.0,57:30.0,1770,1771,
949,REM,30.0,57:30.0,58:00.0,1771,1772,
950,REM,30.0,58:00.0,58:30.0,1772,1773,
951,REM,30.0,58:30.0,59:00.0,1773,1774,
952,REM,30.0,59:00.0,59:30.0,1774,1775,
953,REM,30.0,59:30.0,00:00.0,1775,1776,
954,REM,30.0,00:00.0,00:30.0,1776,1777,
955,REM,30.0,00:30.0,01:00.0,1777,1778,
956,REM,30.0,01:00.0,01:30.0,1778,1779,
957,REM,30.0,01:30.0,02:00.0,1779,1780,
958,REM,30.0,02:00.0,02:30.0,1780,1781,
959,REM,30.0,02:30.0,03:00.0,1781,1782,
960,REM,30.0,03:00.0,03:30.0,1782,1783,
961,REM,30.0,03:30.0,04:00.0,1783,1784,
962,REM,30.0,04:00.0,04:30.0,1784,1785,
963,REM,30.0,04:30.0,05:00.0,1785,1786,
964,REM,30.0,05:00.0,05:30.0,1786,1787,
965,REM,30.0,05:30.0,06:00.0,1787,1788,
966,REM,30.0,06:00.0,06:30.0,1788,1789,
967,REM,30.0,06:30.0,07:00.0,1789,1790,
968,REM,30.0,07:00.0,07:30.0,1790,1791,
969,Wake,30.0,07:30.0,08:00.0,1791,1792,
970,REM,30.0,08:00.0,08:30.0,1792,1793,
971,REM,30.0,08:30.0,09:00.0,1793,1794,
972,REM,30.0,09:00.0,09:30.0,1794,1795,
973,REM,30.0,09:30.0,10:00.0,1795,1796,
974,REM,30.0,10:00.0,10:30.0,1796,1797,
975,REM,30.0,10:30.0,11:00.0,1797,1798,
976,REM,30.0,11:00.0,11:30.0,1798,1799,
977,REM,30.0,11:30.0,12:00.0,1799,1800,
978,REM,30.0,12:00.0,12:30.0,1800,1801,
979,REM,30.0,12:30.0,13:00.0,1801,1802,
980,REM,30.0,13:00.0,13:30.0,1802,1803,
981,REM,30.0,13:30.0,14:00.0,1803,1804,
982,REM,30.0,14:00.0,14:30.0,1804,1805,
983,REM,30.0,14:30.0,15:00.0,1805,1806,
984,REM,30.0,15:00.0,15:30.0,1806,1807,
985,N2,30.0,15:30.0,16:00.0,1807,1808,
986,REM,30.0,16:00.0,16:30.0,1808,1809,
987,REM,30.0,16:30.0,17:00.0,1809,1810,
988,REM,30.0,17:00.0,17:30.0,1810,1811,
989,REM,30.0,17:30.0,18:00.0,1811,1812,
990,REM,30.0,18:00.0,18:30.0,1812,1813,
991,REM,30.0,18:30.0,19:00.0,1813,1814,
992,REM,30.0,19:00.0,19:30.0,1814,1815,
993,REM,30.0,19:30.0,20:00.0,1815,1816,
994,N2,30.0,20:00.0,20:30.0,1816,1817,
995,REM,30.0,20:30.0,21:00.0,1817,1818,
996,REM,30.0,21:00.0,21:30.0,1818,1819,
997,REM,30.0,21:30.0,22:00.0,1819,1820,
998,REM,30.0,22:00.0,22:30.0,1820,1821,
999,REM,30.0,22:30.0,23:00.0,1821,1822,
1000,Wake,30.0,23:00.0,23:30.0,1822,1823,
1001,REM,30.0,23:30.0,24:00.0,1823,1824,
1002,REM,30.0,24:00.0,24:30.0,1824,1825,
1003,REM,30.0,24:30.0,25:00.0,1825,1826,
1004,REM,30.0,25:00.0,25:30.0,1826,1827,
1005,REM,30.0,25:30.0,26:00.0,1827,1828,
1006,REM,30.0,26:00.0,26:30.0,1828,1829,
1007,REM,30.0,26:30.0,27:00.0,1829,1830,
1008,REM,30.0,27:00.0,27:30.0,1830,1831,
1009,Wake,30.0,27:30.0,28:00.0,1831,1832,
1010,N1,30.0,28:00.0,28:30.0,1832,1833,
1011,N2,30.0,28:30.0,29:00.0,1833,1834,
1012,N2,30.0,29:00.0,29:30.0,1834,1835,
1013,N2,30.0,29:30.0,30:00.0,1835,1836,
1014,N2,30.0,30:00.0,30:30.0,1836,1837,
1015,N2,30.0,30:30.0,31:00.0,1837,1838,
1016,Wake,30.0,31:00.0,31:30.0,1838,1839,
1017,N2,30.0,31:30.0,32:00.0,1839,1840,
1018,N2,30.0,32:00.0,32:30.0,1840,1841,
1019,N2,30.0,32:30.0,33:00.0,1841,1842,
1020,N2,30.0,33:00.0,33:30.0,1842,1843,
1021,N2,30.0,33:30.0,34:00.0,1843,1844,
1022,N2,30.0,34:00.0,34:30.0,1844,1845,
1023,N2,30.0,34:30.0,35:00.0,1845,1846,
1024,N2,30.0,35:00.0,35:30.0,1846,1847,
1025,N2,30.0,35:30.0,36:00.0,1847,1848,
1026,N2,30.0,36:00.0,36:30.0,1848,1849,
1027,N2,30.0,36:30.0,37:00.0,1849,1850,
1028,N2,30.0,37:00.0,37:30.0,1850,1851,
1029,N2,30.0,37:30.0,38:00.0,1851,1852,
1030,N2,30.0,38:00.0,38:30.0,1852,1853,
1031,N2,30.0,38:30.0,39:00.0,1853,1854,
1032,N2,30.0,39:00.0,39:30.0,1854,1855,
1033,N2,30.0,39:30.0,40:00.0,1855,1856,
1034,Wake,30.0,40:00.0,40:30.0,1856,1857,
1035,Wake,30.0,40:30.0,41:00.0,1857,1858,
1036,N2,30.0,41:00.0,41:30.0,1858,1859,
1037,N2,30.0,41:30.0,42:00.0,1859,1860,
1038,N2,30.0,42:00.0,42:30.0,1860,1861,
1039,N2,30.0,42:30.0,43:00.0,1861,1862,
1040,N2,30.0,43:00.0,43:30.0,1862,1863,
1041,N2,30.0,43:30.0,44:00.0,1863,1864,
1042,N2,30.0,44:00.0,44:30.0,1864,1865,
1043,N2,30.0,44:30.0,45:00.0,1865,1866,
1044,N2,30.0,45:00.0,45:30.0,1866,1867,
1045,Wake,30.0,45:30.0,46:00.0,1867,1868,
1046,Wake,30.0,46:00.0,46:30.0,1868,1869,
1047,N2,30.0,46:30.0,47:00.0,1869,1870,
1048,N2,30.0,47:00.0,47:30.0,1870,1871,
1049,N2,30.0,47:30.0,48:00.0,1871,1872,
1050,N2,30.0,48:00.0,48:30.0,1872,1873,
1051,N2,30.0,48:30.0,49:00.0,1873,1874,
1052,N2,30.0,49:00.0,49:30.0,1874,1875,
1053,N2,30.0,49:30.0,50:00.0,1875,1876,
1054,N2,30.0,50:00.0,50:30.0,1876,1877,
1055,N2,30.0,50:30.0,51:00.0,1877,1878,
1056,N2,30.0,51:00.0,51:30.0,1878,1879,
1057,N2,30.0,51:30.0,52:00.0,1879,1880,
1058,N2,30.0,52:00.0,52:30.0,1880,1881,
1059,N2,30.0,52:30.0,53:00.0,1881,1882,
1060,N2,30.0,53:00.0,53:30.0,1882,1883,
1061,N2,30.0,53:30.0,54:00.0,1883,1884,
1062,N2,30.0,54:00.0,54:30.0,1884,1885,
1063,N2,30.0,54:30.0,55:00.0,1885,1886,
1064,N2,30.0,55:00.0,55:30.0,1886,1887,
1065,N2,30.0,55:30.0,56:00.0,1887,1888,
1066,N2,30.0,56:00.0,56:30.0,1888,1889,
1067,N2,30.0,56:30.0,57:00.0,1889,1890,
1068,N2,30.0,57:00.0,57:30.0,1890,1891,
1069,N2,30.0,57:30.0,58:00.0,1891,1892,
1070,N2,30.0,58:00.0,58:30.0,1892,1893,
1071,N2,30.0,58:30.0,59:00.0,1893,1894,
1072,N2,30.0,59:00.0,59:30.0,1894,1895,
1073,N2,30.0,59:30.0,00:00.0,1895,1896,
1074,N2,30.0,00:00.0,00:30.0,1896,1897,
1075,N2,30.0,00:30.0,01:00.0,1897,1898,
1076,N2,30.0,01:00.0,01:30.0,1898,1899,
1077,N2,30.0,01:30.0,02:00.0,1899,1900,
1078,N2,30.0,02:00.0,02:30.0,1900,1901,
1079,N2,30.0,02:30.0,03:00.0,1901,1902,
1080,N2,30.0,03:00.0,03:30.0,1902,1903,
1081,N2,30.0,03:30.0,04:00.0,1903,1904,
1082,N2,30.0,04:00.0,04:30.0,1904,1905,
1083,N2,30.0,04:30.0,05:00.0,1905,1906,
1084,N2,30.0,05:00.0,05:30.0,1906,1907,
1085,N2,30.0,05:30.0,06:00.0,1907,1908,
1086,N2,30.0,06:00.0,06:30.0,1908,1909,
1087,Wake,30.0,06:30.0,07:00.0,1909,1910,
