,Event,Duration,Start Time,End Time,Start Epoch,End Epoch,Unnamed: 0,Unnamed: 6
0,NREM,30.0,03:00.0,03:30.0,822,823,0.0,
1,NREM,30.0,03:30.0,04:00.0,823,824,1.0,
2,NREM,30.0,04:00.0,04:30.0,824,825,2.0,
3,NREM,30.0,04:30.0,05:00.0,825,826,3.0,
4,NREM,30.0,05:00.0,05:30.0,826,827,4.0,
5,NREM,30.0,05:30.0,06:00.0,827,828,5.0,
6,NREM,30.0,06:00.0,06:30.0,828,829,6.0,
7,NREM,30.0,06:30.0,07:00.0,829,830,7.0,
8,REM,30.0,07:00.0,07:30.0,830,831,8.0,
9,REM,30.0,07:30.0,08:00.0,831,832,9.0,
10,REM,30.0,08:00.0,08:30.0,832,833,10.0,
11,REM,30.0,08:30.0,09:00.0,833,834,11.0,
12,REM,30.0,09:00.0,09:30.0,834,835,12.0,
13,REM,30.0,09:30.0,10:00.0,835,836,13.0,
14,NREM,30.0,10:00.0,10:30.0,836,837,14.0,
15,NREM,30.0,10:30.0,11:00.0,837,838,15.0,
16,NREM,30.0,11:00.0,11:30.0,838,839,16.0,
17,NREM,30.0,11:30.0,12:00.0,839,840,17.0,
18,NREM,30.0,12:00.0,12:30.0,840,841,18.0,
19,NREM,30.0,12:30.0,13:00.0,841,842,19.0,
20,REM,30.0,13:00.0,13:30.0,842,843,20.0,
21,NREM,30.0,13:30.0,14:00.0,843,844,21.0,
22,NREM,30.0,14:00.0,14:30.0,844,845,22.0,
23,NREM,30.0,14:30.0,15:00.0,845,846,23.0,
24,NREM,30.0,15:00.0,15:30.0,846,847,24.0,
25,NREM,30.0,15:30.0,16:00.0,847,848,25.0,
26,NREM,30.0,16:00.0,16:30.0,848,849,26.0,
27,NREM,30.0,16:30.0,17:00.0,849,850,27.0,
28,NREM,30.0,17:00.0,17:30.0,850,851,28.0,
29,NREM,30.0,17:30.0,18:00.0,851,852,29.0,
30,NREM,30.0,18:00.0,18:30.0,852,853,30.0,
31,NREM,30.0,18:30.0,19:00.0,853,854,31.0,
32,NREM,30.0,19:00.0,19:30.0,854,855,32.0,
33,NREM,30.0,19:30.0,20:00.0,855,856,33.0,
34,NREM,30.0,20:00.0,20:30.0,856,857,34.0,
35,NREM,30.0,20:30.0,21:00.0,857,858,35.0,
36,NREM,30.0,21:00.0,21:30.0,858,859,36.0,
37,NREM,30.0,21:30.0,22:00.0,859,860,37.0,
38,NREM,30.0,22:00.0,22:30.0,860,861,38.0,
39,NREM,30.0,22:30.0,23:00.0,861,862,39.0,
40,NREM,30.0,23:00.0,23:30.0,862,863,40.0,
41,NREM,30.0,23:30.0,24:00.0,863,864,41.0,
42,NREM,30.0,24:00.0,24:30.0,864,865,42.0,
43,NREM,30.0,24:30.0,25:00.0,865,866,43.0,
44,NREM,30.0,25:00.0,25:30.0,866,867,44.0,
45,NREM,30.0,25:30.0,26:00.0,867,868,45.0,
46,NREM,30.0,26:00.0,26:30.0,868,869,46.0,
47,NREM,30.0,26:30.0,27:00.0,869,870,47.0,
48,NREM,30.0,27:00.0,27:30.0,870,871,48.0,
49,NREM,30.0,27:30.0,28:00.0,871,872,49.0,
50,NREM,30.0,28:00.0,28:30.0,872,873,50.0,
51,NREM,30.0,28:30.0,29:00.0,873,874,51.0,
52,NREM,30.0,29:00.0,29:30.0,874,875,52.0,
53,NREM,30.0,29:30.0,30:00.0,875,876,53.0,
54,NREM,30.0,30:00.0,30:30.0,876,877,54.0,
55,NREM,30.0,30:30.0,31:00.0,877,878,55.0,
56,NREM,30.0,31:00.0,31:30.0,878,879,56.0,
57,NREM,30.0,31:30.0,32:00.0,879,880,57.0,
58,NREM,30.0,32:00.0,32:30.0,880,881,58.0,
59,NREM,30.0,32:30.0,33:00.0,881,882,59.0,
60,NREM,30.0,33:00.0,33:30.0,882,883,60.0,
61,NREM,30.0,33:30.0,34:00.0,883,884,61.0,
62,NREM,30.0,34:00.0,34:30.0,884,885,62.0,
63,NREM,30.0,34:30.0,35:00.0,885,886,63.0,
64,NREM,30.0,35:00.0,35:30.0,886,887,64.0,
65,NREM,30.0,35:30.0,36:00.0,887,888,65.0,
66,NREM,30.0,36:00.0,36:30.0,888,889,66.0,
67,NREM,30.0,36:30.0,37:00.0,889,890,67.0,
68,NREM,30.0,37:00.0,37:30.0,890,891,68.0,
69,NREM,30.0,37:30.0,38:00.0,891,892,69.0,
70,NREM,30.0,38:00.0,38:30.0,892,893,70.0,
71,NREM,30.0,38:30.0,39:00.0,893,894,71.0,
72,NREM,30.0,39:00.0,39:30.0,894,895,72.0,
73,NREM,30.0,39:30.0,40:00.0,895,896,73.0,
74,NREM,30.0,40:00.0,40:30.0,896,897,74.0,
75,NREM,30.0,40:30.0,41:00.0,897,898,75.0,
76,NREM,30.0,41:00.0,41:30.0,898,899,76.0,
77,NREM,30.0,41:30.0,42:00.0,899,900,77.0,
78,NREM,30.0,42:00.0,42:30.0,900,901,78.0,
79,NREM,30.0,42:30.0,43:00.0,901,902,79.0,
80,NREM,30.0,43:00.0,43:30.0,902,903,80.0,
81,NREM,30.0,43:30.0,44:00.0,903,904,81.0,
82,NREM,30.0,44:00.0,44:30.0,904,905,82.0,
83,NREM,30.0,44:30.0,45:00.0,905,906,83.0,
84,NREM,30.0,45:00.0,45:30.0,906,907,84.0,
85,NREM,30.0,45:30.0,46:00.0,907,908,85.0,
86,NREM,30.0,46:00.0,46:30.0,908,909,86.0,
87,NREM,30.0,46:30.0,47:00.0,909,910,87.0,
88,NREM,30.0,47:00.0,47:30.0,910,911,88.0,
89,NREM,30.0,47:30.0,48:00.0,911,912,89.0,
90,NREM,30.0,48:00.0,48:30.0,912,913,90.0,
91,NREM,30.0,48:30.0,49:00.0,913,914,91.0,
92,NREM,30.0,49:00.0,49:30.0,914,915,92.0,
93,NREM,30.0,49:30.0,50:00.0,915,916,93.0,
94,NREM,30.0,50:00.0,50:30.0,916,917,94.0,
95,NREM,30.0,50:30.0,51:00.0,917,918,95.0,
96,NREM,30.0,51:00.0,51:30.0,918,919,96.0,
97,NREM,30.0,51:30.0,52:00.0,919,920,97.0,
98,NREM,30.0,52:00.0,52:30.0,920,921,98.0,
99,NREM,30.0,52:30.0,53:00.0,921,922,99.0,
100,NREM,30.0,53:00.0,53:30.0,922,923,100.0,
101,NREM,30.0,53:30.0,54:00.0,923,924,101.0,
102,NREM,30.0,54:00.0,54:30.0,924,925,102.0,
103,NREM,30.0,54:30.0,55:00.0,925,926,103.0,
104,NREM,30.0,55:00.0,55:30.0,926,927,104.0,
105,NREM,30.0,55:30.0,56:00.0,927,928,105.0,
106,NREM,30.0,56:00.0,56:30.0,928,929,106.0,
107,NREM,30.0,56:30.0,57:00.0,929,930,107.0,
108,NREM,30.0,57:00.0,57:30.0,930,931,108.0,
109,NREM,30.0,57:30.0,58:00.0,931,932,109.0,
110,NREM,30.0,58:00.0,58:30.0,932,933,110.0,
111,NREM,30.0,58:30.0,59:00.0,933,934,111.0,
112,NREM,30.0,59:00.0,59:30.0,934,935,112.0,
113,NREM,30.0,59:30.0,00:00.0,935,936,113.0,
114,NREM,30.0,00:00.0,00:30.0,936,937,114.0,
115,NREM,30.0,00:30.0,01:00.0,937,938,115.0,
116,NREM,30.0,01:00.0,01:30.0,938,939,116.0,
117,NREM,30.0,01:30.0,02:00.0,939,940,117.0,
118,NREM,30.0,02:00.0,02:30.0,940,941,118.0,
119,NREM,30.0,02:30.0,03:00.0,941,942,119.0,
120,NREM,30.0,03:00.0,03:30.0,942,943,120.0,
121,NREM,30.0,03:30.0,04:00.0,943,944,121.0,
122,NREM,30.0,04:00.0,04:30.0,944,945,122.0,
123,NREM,30.0,04:30.0,05:00.0,945,946,123.0,
124,NREM,30.0,05:00.0,05:30.0,946,947,124.0,
125,NREM,30.0,05:30.0,06:00.0,947,948,125.0,
126,NREM,30.0,06:00.0,06:30.0,948,949,126.0,
127,NREM,30.0,06:30.0,07:00.0,949,950,127.0,
128,NREM,30.0,07:00.0,07:30.0,950,951,128.0,
129,NREM,30.0,07:30.0,08:00.0,951,952,129.0,
130,NREM,30.0,08:00.0,08:30.0,952,953,130.0,
131,NREM,30.0,08:30.0,09:00.0,953,954,131.0,
132,NREM,30.0,09:00.0,09:30.0,954,955,132.0,
133,NREM,30.0,09:30.0,10:00.0,955,956,133.0,
134,NREM,30.0,10:00.0,10:30.0,956,957,134.0,
135,NREM,30.0,10:30.0,11:00.0,957,958,135.0,
136,NREM,30.0,11:00.0,11:30.0,958,959,136.0,
137,NREM,30.0,11:30.0,12:00.0,959,960,137.0,
138,NREM,30.0,12:00.0,12:30.0,960,961,138.0,
139,NREM,30.0,12:30.0,13:00.0,961,962,139.0,
140,NREM,30.0,13:00.0,13:30.0,962,963,140.0,
141,REM,30.0,13:30.0,14:00.0,963,964,141.0,
142,REM,30.0,14:00.0,14:30.0,964,965,142.0,
143,REM,30.0,14:30.0,15:00.0,965,966,143.0,
144,REM,30.0,15:00.0,15:30.0,966,967,144.0,
145,REM,30.0,15:30.0,16:00.0,967,968,145.0,
146,NREM,30.0,16:00.0,16:30.0,968,969,146.0,
147,NREM,30.0,16:30.0,17:00.0,969,970,147.0,
148,NREM,30.0,17:00.0,17:30.0,970,971,148.0,
149,NREM,30.0,17:30.0,18:00.0,971,972,149.0,
150,NREM,30.0,18:00.0,18:30.0,972,973,150.0,
151,NREM,30.0,18:30.0,19:00.0,973,974,151.0,
152,NREM,30.0,19:00.0,19:30.0,974,975,152.0,
153,NREM,30.0,19:30.0,20:00.0,975,976,153.0,
154,NREM,30.0,20:00.0,20:30.0,976,977,154.0,
155,NREM,30.0,20:30.0,21:00.0,977,978,155.0,
156,NREM,30.0,21:00.0,21:30.0,978,979,156.0,
157,NREM,30.0,21:30.0,22:00.0,979,980,157.0,
158,NREM,30.0,22:00.0,22:30.0,980,981,158.0,
159,NREM,30.0,22:30.0,23:00.0,981,982,159.0,
160,NREM,30.0,23:00.0,23:30.0,982,983,160.0,
161,NREM,30.0,23:30.0,24:00.0,983,984,161.0,
162,NREM,30.0,24:00.0,24:30.0,984,985,162.0,
163,NREM,30.0,24:30.0,25:00.0,985,986,163.0,
164,NREM,30.0,25:00.0,25:30.0,986,987,164.0,
165,NREM,30.0,25:30.0,26:00.0,987,988,165.0,
166,NREM,30.0,26:00.0,26:30.0,988,989,166.0,
167,NREM,30.0,26:30.0,27:00.0,989,990,167.0,
168,NREM,30.0,27:00.0,27:30.0,990,991,168.0,
169,NREM,30.0,27:30.0,28:00.0,991,992,169.0,
170,NREM,30.0,28:00.0,28:30.0,992,993,170.0,
171,NREM,30.0,28:30.0,29:00.0,993,994,171.0,
172,NREM,30.0,29:00.0,29:30.0,994,995,172.0,
173,NREM,30.0,29:30.0,30:00.0,995,996,173.0,
174,NREM,30.0,30:00.0,30:30.0,996,997,174.0,
175,NREM,30.0,30:30.0,31:00.0,997,998,175.0,
176,NREM,30.0,31:00.0,31:30.0,998,999,176.0,
177,NREM,30.0,31:30.0,32:00.0,999,1000,177.0,
178,NREM,30.0,32:00.0,32:30.0,1000,1001,178.0,
179,NREM,30.0,32:30.0,33:00.0,1001,1002,179.0,
180,NREM,30.0,33:00.0,33:30.0,1002,1003,180.0,
181,NREM,30.0,33:30.0,34:00.0,1003,1004,181.0,
182,NREM,30.0,34:00.0,34:30.0,1004,1005,182.0,
183,NREM,30.0,34:30.0,35:00.0,1005,1006,183.0,
184,NREM,30.0,35:00.0,35:30.0,1006,1007,184.0,
185,NREM,30.0,35:30.0,36:00.0,1007,1008,185.0,
186,NREM,30.0,36:00.0,36:30.0,1008,1009,186.0,
187,NREM,30.0,36:30.0,37:00.0,1009,1010,187.0,
188,NREM,30.0,37:00.0,37:30.0,1010,1011,188.0,
189,NREM,30.0,37:30.0,38:00.0,1011,1012,189.0,
190,NREM,30.0,38:00.0,38:30.0,1012,1013,190.0,
191,NREM,30.0,38:30.0,39:00.0,1013,1014,191.0,
192,NREM,30.0,39:00.0,39:30.0,1014,1015,192.0,
193,NREM,30.0,39:30.0,40:00.0,1015,1016,193.0,
194,NREM,30.0,40:00.0,40:30.0,1016,1017,194.0,
195,NREM,30.0,40:30.0,41:00.0,1017,1018,195.0,
196,NREM,30.0,41:00.0,41:30.0,1018,1019,196.0,
197,NREM,30.0,41:30.0,42:00.0,1019,1020,197.0,
198,NREM,30.0,42:00.0,42:30.0,1020,1021,198.0,
199,NREM,30.0,42:30.0,43:00.0,1021,1022,199.0,
200,NREM,30.0,43:00.0,43:30.0,1022,1023,200.0,
201,NREM,30.0,43:30.0,44:00.0,1023,1024,201.0,
202,NREM,30.0,44:00.0,44:30.0,1024,1025,202.0,
203,NREM,30.0,44:30.0,45:00.0,1025,1026,203.0,
204,NREM,30.0,45:00.0,45:30.0,1026,1027,204.0,
205,NREM,30.0,45:30.0,46:00.0,1027,1028,205.0,
206,NREM,30.0,46:00.0,46:30.0,1028,1029,206.0,
207,NREM,30.0,46:30.0,47:00.0,1029,1030,207.0,
208,NREM,30.0,47:00.0,47:30.0,1030,1031,208.0,
209,NREM,30.0,47:30.0,48:00.0,1031,1032,209.0,
210,NREM,30.0,48:00.0,48:30.0,1032,1033,210.0,
211,NREM,30.0,48:30.0,49:00.0,1033,1034,211.0,
212,NREM,30.0,49:00.0,49:30.0,1034,1035,212.0,
213,NREM,30.0,49:30.0,50:00.0,1035,1036,213.0,
214,NREM,30.0,50:00.0,50:30.0,1036,1037,214.0,
215,NREM,30.0,50:30.0,51:00.0,1037,1038,215.0,
216,NREM,30.0,51:00.0,51:30.0,1038,1039,216.0,
217,NREM,30.0,51:30.0,52:00.0,1039,1040,217.0,
218,NREM,30.0,52:00.0,52:30.0,1040,1041,218.0,
219,NREM,30.0,52:30.0,53:00.0,1041,1042,219.0,
220,NREM,30.0,53:00.0,53:30.0,1042,1043,220.0,
221,NREM,30.0,53:30.0,54:00.0,1043,1044,221.0,
222,NREM,30.0,54:00.0,54:30.0,1044,1045,222.0,
223,NREM,30.0,54:30.0,55:00.0,1045,1046,223.0,
224,NREM,30.0,55:00.0,55:30.0,1046,1047,224.0,
225,NREM,30.0,55:30.0,56:00.0,1047,1048,225.0,
226,NREM,30.0,56:00.0,56:30.0,1048,1049,226.0,
227,NREM,30.0,56:30.0,57:00.0,1049,1050,227.0,
228,NREM,30.0,57:00.0,57:30.0,1050,1051,228.0,
229,NREM,30.0,57:30.0,58:00.0,1051,1052,229.0,
230,NREM,30.0,58:00.0,58:30.0,1052,1053,230.0,
231,NREM,30.0,58:30.0,59:00.0,1053,1054,231.0,
232,NREM,30.0,59:00.0,59:30.0,1054,1055,232.0,
233,NREM,30.0,59:30.0,00:00.0,1055,1056,233.0,
234,NREM,30.0,00:00.0,00:30.0,1056,1057,234.0,
235,NREM,30.0,00:30.0,01:00.0,1057,1058,235.0,
236,NREM,30.0,01:00.0,01:30.0,1058,1059,236.0,
237,NREM,30.0,01:30.0,02:00.0,1059,1060,237.0,
238,NREM,30.0,02:00.0,02:30.0,1060,1061,238.0,
239,NREM,30.0,02:30.0,03:00.0,1061,1062,239.0,
240,NREM,30.0,03:00.0,03:30.0,1062,1063,240.0,
241,NREM,30.0,03:30.0,04:00.0,1063,1064,241.0,
242,NREM,30.0,04:00.0,04:30.0,1064,1065,242.0,
243,NREM,30.0,04:30.0,05:00.0,1065,1066,243.0,
244,NREM,30.0,05:00.0,05:30.0,1066,1067,244.0,
245,NREM,30.0,05:30.0,06:00.0,1067,1068,245.0,
246,NREM,30.0,06:00.0,06:30.0,1068,1069,246.0,
247,NREM,30.0,06:30.0,07:00.0,1069,1070,247.0,
248,NREM,30.0,07:00.0,07:30.0,1070,1071,248.0,
249,NREM,30.0,07:30.0,08:00.0,1071,1072,249.0,
250,REM,30.0,08:00.0,08:30.0,1072,1073,250.0,
251,REM,30.0,08:30.0,09:00.0,1073,1074,251.0,
252,REM,30.0,09:00.0,09:30.0,1074,1075,252.0,
253,REM,30.0,09:30.0,10:00.0,1075,1076,253.0,
254,NREM,30.0,10:00.0,10:30.0,1076,1077,254.0,
255,NREM,30.0,10:30.0,11:00.0,1077,1078,255.0,
256,REM,30.0,11:00.0,11:30.0,1078,1079,256.0,
257,REM,30.0,11:30.0,12:00.0,1079,1080,257.0,
258,REM,30.0,12:00.0,12:30.0,1080,1081,258.0,
259,REM,30.0,12:30.0,13:00.0,1081,1082,259.0,
260,REM,30.0,13:00.0,13:30.0,1082,1083,260.0,
261,REM,30.0,13:30.0,14:00.0,1083,1084,261.0,
262,REM,30.0,14:00.0,14:30.0,1084,1085,262.0,
263,REM,30.0,14:30.0,15:00.0,1085,1086,263.0,
264,REM,30.0,15:00.0,15:30.0,1086,1087,264.0,
265,REM,30.0,15:30.0,16:00.0,1087,1088,265.0,
266,NREM,30.0,16:00.0,16:30.0,1088,1089,266.0,
267,NREM,30.0,16:30.0,17:00.0,1089,1090,267.0,
268,NREM,30.0,17:00.0,17:30.0,1090,1091,268.0,
269,NREM,30.0,17:30.0,18:00.0,1091,1092,269.0,
270,NREM,30.0,18:00.0,18:30.0,1092,1093,270.0,
271,NREM,30.0,18:30.0,19:00.0,1093,1094,271.0,
272,NREM,30.0,19:00.0,19:30.0,1094,1095,272.0,
273,NREM,30.0,19:30.0,20:00.0,1095,1096,273.0,
274,NREM,30.0,20:00.0,20:30.0,1096,1097,274.0,
275,NREM,30.0,20:30.0,21:00.0,1097,1098,275.0,
276,NREM,30.0,21:00.0,21:30.0,1098,1099,276.0,
277,NREM,30.0,21:30.0,22:00.0,1099,1100,277.0,
278,NREM,30.0,22:00.0,22:30.0,1100,1101,278.0,
279,NREM,30.0,22:30.0,23:00.0,1101,1102,279.0,
280,NREM,30.0,23:00.0,23:30.0,1102,1103,280.0,
281,NREM,30.0,23:30.0,24:00.0,1103,1104,281.0,
282,NREM,30.0,24:00.0,24:30.0,1104,1105,282.0,
283,NREM,30.0,24:30.0,25:00.0,1105,1106,283.0,
284,NREM,30.0,25:00.0,25:30.0,1106,1107,284.0,
285,NREM,30.0,25:30.0,26:00.0,1107,1108,285.0,
286,NREM,30.0,26:00.0,26:30.0,1108,1109,286.0,
287,NREM,30.0,26:30.0,27:00.0,1109,1110,287.0,
288,NREM,30.0,27:00.0,27:30.0,1110,1111,288.0,
289,NREM,30.0,27:30.0,28:00.0,1111,1112,289.0,
290,NREM,30.0,28:00.0,28:30.0,1112,1113,290.0,
291,NREM,30.0,28:30.0,29:00.0,1113,1114,291.0,
292,NREM,30.0,29:00.0,29:30.0,1114,1115,292.0,
293,NREM,30.0,29:30.0,30:00.0,1115,1116,293.0,
294,NREM,30.0,30:00.0,30:30.0,1116,1117,294.0,
295,NREM,30.0,30:30.0,31:00.0,1117,1118,295.0,
296,NREM,30.0,31:00.0,31:30.0,1118,1119,296.0,
297,NREM,30.0,31:30.0,32:00.0,1119,1120,297.0,
298,NREM,30.0,32:00.0,32:30.0,1120,1121,298.0,
299,NREM,30.0,32:30.0,33:00.0,1121,1122,299.0,
300,NREM,30.0,33:00.0,33:30.0,1122,1123,300.0,
301,NREM,30.0,33:30.0,34:00.0,1123,1124,301.0,
302,REM,30.0,34:00.0,34:30.0,1124,1125,302.0,
303,REM,30.0,34:30.0,35:00.0,1125,1126,303.0,
304,REM,30.0,35:00.0,35:30.0,1126,1127,304.0,
305,REM,30.0,35:30.0,36:00.0,1127,1128,305.0,
306,REM,30.0,36:00.0,36:30.0,1128,1129,306.0,
307,REM,30.0,36:30.0,37:00.0,1129,1130,307.0,
308,REM,30.0,37:00.0,37:30.0,1130,1131,308.0,
309,REM,30.0,37:30.0,38:00.0,1131,1132,309.0,
310,REM,30.0,38:00.0,38:30.0,1132,1133,310.0,
311,REM,30.0,38:30.0,39:00.0,1133,1134,311.0,
312,REM,30.0,39:00.0,39:30.0,1134,1135,312.0,
313,REM,30.0,39:30.0,40:00.0,1135,1136,313.0,
314,REM,30.0,40:00.0,40:30.0,1136,1137,314.0,
315,REM,30.0,40:30.0,41:00.0,1137,1138,315.0,
316,REM,30.0,41:00.0,41:30.0,1138,1139,316.0,
317,REM,30.0,41:30.0,42:00.0,1139,1140,317.0,
318,REM,30.0,42:00.0,42:30.0,1140,1141,318.0,
319,REM,30.0,42:30.0,43:00.0,1141,1142,319.0,
320,REM,30.0,43:00.0,43:30.0,1142,1143,320.0,
321,REM,30.0,43:30.0,44:00.0,1143,1144,321.0,
322,REM,30.0,44:00.0,44:30.0,1144,1145,322.0,
323,REM,30.0,44:30.0,45:00.0,1145,1146,323.0,
324,REM,30.0,45:00.0,45:30.0,1146,1147,324.0,
325,REM,30.0,45:30.0,46:00.0,1147,1148,325.0,
326,REM,30.0,46:00.0,46:30.0,1148,1149,326.0,
327,REM,30.0,46:30.0,47:00.0,1149,1150,327.0,
328,REM,30.0,47:00.0,47:30.0,1150,1151,328.0,
329,REM,30.0,47:30.0,48:00.0,1151,1152,329.0,
330,REM,30.0,48:00.0,48:30.0,1152,1153,330.0,
331,REM,30.0,48:30.0,49:00.0,1153,1154,331.0,
332,REM,30.0,49:00.0,49:30.0,1154,1155,332.0,
333,REM,30.0,49:30.0,50:00.0,1155,1156,333.0,
334,REM,30.0,50:00.0,50:30.0,1156,1157,334.0,
335,REM,30.0,50:30.0,51:00.0,1157,1158,335.0,
336,REM,30.0,51:00.0,51:30.0,1158,1159,336.0,
337,REM,30.0,51:30.0,52:00.0,1159,1160,337.0,
338,REM,30.0,52:00.0,52:30.0,1160,1161,338.0,
339,REM,30.0,52:30.0,53:00.0,1161,1162,339.0,
340,REM,30.0,53:00.0,53:30.0,1162,1163,340.0,
341,REM,30.0,53:30.0,54:00.0,1163,1164,341.0,
342,REM,30.0,54:00.0,54:30.0,1164,1165,342.0,
343,REM,30.0,54:30.0,55:00.0,1165,1166,343.0,
344,REM,30.0,55:00.0,55:30.0,1166,1167,344.0,
345,REM,30.0,55:30.0,56:00.0,1167,1168,345.0,
346,REM,30.0,56:00.0,56:30.0,1168,1169,346.0,
347,NREM,30.0,56:30.0,57:00.0,1169,1170,347.0,
348,REM,30.0,57:00.0,57:30.0,1170,1171,348.0,
349,REM,30.0,57:30.0,58:00.0,1171,1172,349.0,
350,REM,30.0,58:00.0,58:30.0,1172,1173,350.0,
351,NREM,30.0,58:30.0,59:00.0,1173,1174,351.0,
352,NREM,30.0,59:00.0,59:30.0,1174,1175,352.0,
353,NREM,30.0,59:30.0,00:00.0,1175,1176,353.0,
354,NREM,30.0,00:00.0,00:30.0,1176,1177,354.0,
355,NREM,30.0,00:30.0,01:00.0,1177,1178,355.0,
356,NREM,30.0,01:00.0,01:30.0,1178,1179,356.0,
357,NREM,30.0,01:30.0,02:00.0,1179,1180,357.0,
358,NREM,30.0,02:00.0,02:30.0,1180,1181,358.0,
359,NREM,30.0,02:30.0,03:00.0,1181,1182,359.0,
360,NREM,30.0,03:00.0,03:30.0,1182,1183,360.0,
361,NREM,30.0,03:30.0,04:00.0,1183,1184,361.0,
362,NREM,30.0,04:00.0,04:30.0,1184,1185,362.0,
363,NREM,30.0,04:30.0,05:00.0,1185,1186,363.0,
364,NREM,30.0,05:00.0,05:30.0,1186,1187,364.0,
365,NREM,30.0,05:30.0,06:00.0,1187,1188,365.0,
366,NREM,30.0,06:00.0,06:30.0,1188,1189,366.0,
367,NREM,30.0,06:30.0,07:00.0,1189,1190,367.0,
368,NREM,30.0,07:00.0,07:30.0,1190,1191,368.0,
369,NREM,30.0,07:30.0,08:00.0,1191,1192,369.0,
370,NREM,30.0,08:00.0,08:30.0,1192,1193,370.0,
371,NREM,30.0,08:30.0,09:00.0,1193,1194,371.0,
372,NREM,30.0,09:00.0,09:30.0,1194,1195,372.0,
373,NREM,30.0,09:30.0,10:00.0,1195,1196,373.0,
374,NREM,30.0,10:00.0,10:30.0,1196,1197,374.0,
375,NREM,30.0,10:30.0,11:00.0,1197,1198,375.0,
376,NREM,30.0,11:00.0,11:30.0,1198,1199,376.0,
377,NREM,30.0,11:30.0,12:00.0,1199,1200,377.0,
378,NREM,30.0,12:00.0,12:30.0,1200,1201,378.0,
379,NREM,30.0,12:30.0,13:00.0,1201,1202,379.0,
380,NREM,30.0,13:00.0,13:30.0,1202,1203,380.0,
381,NREM,30.0,13:30.0,14:00.0,1203,1204,381.0,
382,NREM,30.0,14:00.0,14:30.0,1204,1205,382.0,
383,NREM,30.0,14:30.0,15:00.0,1205,1206,383.0,
384,NREM,30.0,15:00.0,15:30.0,1206,1207,384.0,
385,NREM,30.0,15:30.0,16:00.0,1207,1208,385.0,
386,NREM,30.0,16:00.0,16:30.0,1208,1209,386.0,
387,NREM,30.0,16:30.0,17:00.0,1209,1210,387.0,
388,NREM,30.0,17:00.0,17:30.0,1210,1211,388.0,
389,NREM,30.0,17:30.0,18:00.0,1211,1212,389.0,
390,NREM,30.0,18:00.0,18:30.0,1212,1213,390.0,
391,NREM,30.0,18:30.0,19:00.0,1213,1214,391.0,
392,NREM,30.0,19:00.0,19:30.0,1214,1215,392.0,
393,NREM,30.0,19:30.0,20:00.0,1215,1216,393.0,
394,NREM,30.0,20:00.0,20:30.0,1216,1217,394.0,
395,NREM,30.0,20:30.0,21:00.0,1217,1218,395.0,
396,NREM,30.0,21:00.0,21:30.0,1218,1219,396.0,
397,NREM,30.0,21:30.0,22:00.0,1219,1220,397.0,
398,NREM,30.0,22:00.0,22:30.0,1220,1221,398.0,
399,NREM,30.0,22:30.0,23:00.0,1221,1222,399.0,
400,NREM,30.0,23:00.0,23:30.0,1222,1223,400.0,
401,NREM,30.0,23:30.0,24:00.0,1223,1224,401.0,
402,NREM,30.0,24:00.0,24:30.0,1224,1225,402.0,
403,NREM,30.0,24:30.0,25:00.0,1225,1226,403.0,
404,NREM,30.0,25:00.0,25:30.0,1226,1227,404.0,
405,NREM,30.0,25:30.0,26:00.0,1227,1228,405.0,
406,NREM,30.0,26:00.0,26:30.0,1228,1229,406.0,
407,NREM,30.0,26:30.0,27:00.0,1229,1230,407.0,
408,NREM,30.0,27:00.0,27:30.0,1230,1231,408.0,
409,NREM,30.0,27:30.0,28:00.0,1231,1232,409.0,
410,NREM,30.0,28:00.0,28:30.0,1232,1233,410.0,
411,NREM,30.0,28:30.0,29:00.0,1233,1234,411.0,
412,NREM,30.0,29:00.0,29:30.0,1234,1235,412.0,
413,NREM,30.0,29:30.0,30:00.0,1235,1236,413.0,
414,NREM,30.0,30:00.0,30:30.0,1236,1237,414.0,
415,NREM,30.0,30:30.0,31:00.0,1237,1238,415.0,
416,NREM,30.0,31:00.0,31:30.0,1238,1239,416.0,
417,NREM,30.0,31:30.0,32:00.0,1239,1240,417.0,
418,NREM,30.0,32:00.0,32:30.0,1240,1241,418.0,
419,NREM,30.0,32:30.0,33:00.0,1241,1242,419.0,
420,NREM,30.0,33:00.0,33:30.0,1242,1243,420.0,
421,NREM,30.0,33:30.0,34:00.0,1243,1244,421.0,
422,NREM,30.0,34:00.0,34:30.0,1244,1245,422.0,
423,NREM,30.0,34:30.0,35:00.0,1245,1246,423.0,
424,NREM,30.0,35:00.0,35:30.0,1246,1247,424.0,
425,NREM,30.0,35:30.0,36:00.0,1247,1248,425.0,
426,NREM,30.0,36:00.0,36:30.0,1248,1249,426.0,
427,NREM,30.0,36:30.0,37:00.0,1249,1250,427.0,
428,NREM,30.0,37:00.0,37:30.0,1250,1251,428.0,
429,NREM,30.0,37:30.0,38:00.0,1251,1252,429.0,
430,NREM,30.0,38:00.0,38:30.0,1252,1253,430.0,
431,NREM,30.0,38:30.0,39:00.0,1253,1254,431.0,
432,NREM,30.0,39:00.0,39:30.0,1254,1255,432.0,
433,NREM,30.0,39:30.0,40:00.0,1255,1256,433.0,
434,NREM,30.0,40:00.0,40:30.0,1256,1257,434.0,
435,NREM,30.0,40:30.0,41:00.0,1257,1258,435.0,
436,NREM,30.0,41:00.0,41:30.0,1258,1259,436.0,
437,NREM,30.0,41:30.0,42:00.0,1259,1260,437.0,
438,NREM,30.0,42:00.0,42:30.0,1260,1261,438.0,
439,NREM,30.0,42:30.0,43:00.0,1261,1262,439.0,
440,NREM,30.0,43:00.0,43:30.0,1262,1263,440.0,
441,NREM,30.0,43:30.0,44:00.0,1263,1264,441.0,
442,NREM,30.0,44:00.0,44:30.0,1264,1265,442.0,
443,NREM,30.0,44:30.0,45:00.0,1265,1266,443.0,
444,NREM,30.0,45:00.0,45:30.0,1266,1267,444.0,
445,NREM,30.0,45:30.0,46:00.0,1267,1268,445.0,
446,NREM,30.0,46:00.0,46:30.0,1268,1269,446.0,
447,NREM,30.0,46:30.0,47:00.0,1269,1270,447.0,
448,NREM,30.0,47:00.0,47:30.0,1270,1271,448.0,
449,NREM,30.0,47:30.0,48:00.0,1271,1272,449.0,
450,NREM,30.0,48:00.0,48:30.0,1272,1273,450.0,
451,NREM,30.0,48:30.0,49:00.0,1273,1274,451.0,
452,NREM,30.0,49:00.0,49:30.0,1274,1275,452.0,
453,NREM,30.0,49:30.0,50:00.0,1275,1276,453.0,
454,NREM,30.0,50:00.0,50:30.0,1276,1277,454.0,
455,NREM,30.0,50:30.0,51:00.0,1277,1278,455.0,
456,NREM,30.0,51:00.0,51:30.0,1278,1279,456.0,
457,NREM,30.0,51:30.0,52:00.0,1279,1280,457.0,
458,NREM,30.0,52:00.0,52:30.0,1280,1281,458.0,
459,NREM,30.0,52:30.0,53:00.0,1281,1282,459.0,
460,NREM,30.0,53:00.0,53:30.0,1282,1283,460.0,
461,NREM,30.0,53:30.0,54:00.0,1283,1284,461.0,
462,NREM,30.0,54:00.0,54:30.0,1284,1285,462.0,
463,NREM,30.0,54:30.0,55:00.0,1285,1286,463.0,
464,NREM,30.0,55:00.0,55:30.0,1286,1287,464.0,
465,NREM,30.0,55:30.0,56:00.0,1287,1288,465.0,
466,NREM,30.0,56:00.0,56:30.0,1288,1289,466.0,
467,NREM,30.0,56:30.0,57:00.0,1289,1290,467.0,
468,NREM,30.0,57:00.0,57:30.0,1290,1291,468.0,
469,NREM,30.0,57:30.0,58:00.0,1291,1292,469.0,
470,NREM,30.0,58:00.0,58:30.0,1292,1293,470.0,
471,NREM,30.0,58:30.0,59:00.0,1293,1294,471.0,
472,NREM,30.0,59:00.0,59:30.0,1294,1295,472.0,
473,NREM,30.0,59:30.0,00:00.0,1295,1296,473.0,
474,NREM,30.0,00:00.0,00:30.0,1296,1297,474.0,
475,NREM,30.0,00:30.0,01:00.0,1297,1298,475.0,
476,NREM,30.0,01:00.0,01:30.0,1298,1299,476.0,
477,NREM,30.0,01:30.0,02:00.0,1299,1300,477.0,
478,NREM,30.0,02:00.0,02:30.0,1300,1301,478.0,
479,NREM,30.0,02:30.0,03:00.0,1301,1302,479.0,
480,NREM,30.0,03:00.0,03:30.0,1302,1303,480.0,
481,NREM,30.0,03:30.0,04:00.0,1303,1304,481.0,
482,NREM,30.0,04:00.0,04:30.0,1304,1305,482.0,
483,NREM,30.0,04:30.0,05:00.0,1305,1306,483.0,
484,NREM,30.0,05:00.0,05:30.0,1306,1307,484.0,
485,NREM,30.0,05:30.0,06:00.0,1307,1308,485.0,
486,NREM,30.0,06:00.0,06:30.0,1308,1309,486.0,
487,NREM,30.0,06:30.0,07:00.0,1309,1310,487.0,
488,NREM,30.0,07:00.0,07:30.0,1310,1311,488.0,
489,NREM,30.0,07:30.0,08:00.0,1311,1312,489.0,
490,REM,30.0,08:00.0,08:30.0,1312,1313,490.0,
491,REM,30.0,08:30.0,09:00.0,1313,1314,491.0,
492,REM,30.0,09:00.0,09:30.0,1314,1315,492.0,
493,REM,30.0,09:30.0,10:00.0,1315,1316,493.0,
494,NREM,30.0,10:00.0,10:30.0,1316,1317,494.0,
495,NREM,30.0,10:30.0,11:00.0,1317,1318,495.0,
496,NREM,30.0,11:00.0,11:30.0,1318,1319,496.0,
497,REM,30.0,11:30.0,12:00.0,1319,1320,497.0,
498,REM,30.0,12:00.0,12:30.0,1320,1321,498.0,
499,REM,30.0,12:30.0,13:00.0,1321,1322,499.0,
500,REM,30.0,13:00.0,13:30.0,1322,1323,500.0,
501,REM,30.0,13:30.0,14:00.0,1323,1324,501.0,
502,REM,30.0,14:00.0,14:30.0,1324,1325,502.0,
503,REM,30.0,14:30.0,15:00.0,1325,1326,503.0,
504,REM,30.0,15:00.0,15:30.0,1326,1327,504.0,
505,REM,30.0,15:30.0,16:00.0,1327,1328,505.0,
506,REM,30.0,16:00.0,16:30.0,1328,1329,506.0,
507,REM,30.0,16:30.0,17:00.0,1329,1330,507.0,
508,REM,30.0,17:00.0,17:30.0,1330,1331,508.0,
509,REM,30.0,17:30.0,18:00.0,1331,1332,509.0,
510,REM,30.0,18:00.0,18:30.0,1332,1333,510.0,
511,REM,30.0,18:30.0,19:00.0,1333,1334,511.0,
512,REM,30.0,19:00.0,19:30.0,1334,1335,512.0,
513,REM,30.0,19:30.0,20:00.0,1335,1336,513.0,
514,REM,30.0,20:00.0,20:30.0,1336,1337,514.0,
515,REM,30.0,20:30.0,21:00.0,1337,1338,515.0,
516,REM,30.0,21:00.0,21:30.0,1338,1339,516.0,
517,REM,30.0,21:30.0,22:00.0,1339,1340,517.0,
518,REM,30.0,22:00.0,22:30.0,1340,1341,518.0,
519,REM,30.0,22:30.0,23:00.0,1341,1342,519.0,
520,REM,30.0,23:00.0,23:30.0,1342,1343,520.0,
521,REM,30.0,23:30.0,24:00.0,1343,1344,521.0,
522,REM,30.0,24:00.0,24:30.0,1344,1345,522.0,
523,REM,30.0,24:30.0,25:00.0,1345,1346,523.0,
524,REM,30.0,25:00.0,25:30.0,1346,1347,524.0,
525,REM,30.0,25:30.0,26:00.0,1347,1348,525.0,
526,REM,30.0,26:00.0,26:30.0,1348,1349,526.0,
527,REM,30.0,26:30.0,27:00.0,1349,1350,527.0,
528,REM,30.0,27:00.0,27:30.0,1350,1351,528.0,
529,REM,30.0,27:30.0,28:00.0,1351,1352,529.0,
530,REM,30.0,28:00.0,28:30.0,1352,1353,530.0,
531,REM,30.0,28:30.0,29:00.0,1353,1354,531.0,
532,REM,30.0,29:00.0,29:30.0,1354,1355,532.0,
533,REM,30.0,29:30.0,30:00.0,1355,1356,533.0,
534,REM,30.0,30:00.0,30:30.0,1356,1357,534.0,
535,REM,30.0,30:30.0,31:00.0,1357,1358,535.0,
536,REM,30.0,31:00.0,31:30.0,1358,1359,536.0,
537,NREM,30.0,31:30.0,32:00.0,1359,1360,537.0,
538,REM,30.0,32:00.0,32:30.0,1360,1361,538.0,
539,REM,30.0,32:30.0,33:00.0,1361,1362,539.0,
540,REM,30.0,33:00.0,33:30.0,1362,1363,540.0,
541,REM,30.0,33:30.0,34:00.0,1363,1364,541.0,
542,REM,30.0,34:00.0,34:30.0,1364,1365,542.0,
543,REM,30.0,34:30.0,35:00.0,1365,1366,543.0,
544,REM,30.0,35:00.0,35:30.0,1366,1367,544.0,
545,REM,30.0,35:30.0,36:00.0,1367,1368,545.0,
546,REM,30.0,36:00.0,36:30.0,1368,1369,546.0,
547,REM,30.0,36:30.0,37:00.0,1369,1370,547.0,
548,REM,30.0,37:00.0,37:30.0,1370,1371,548.0,
549,REM,30.0,37:30.0,38:00.0,1371,1372,549.0,
550,REM,30.0,38:00.0,38:30.0,1372,1373,550.0,
551,REM,30.0,38:30.0,39:00.0,1373,1374,551.0,
552,REM,30.0,39:00.0,39:30.0,1374,1375,552.0,
553,NREM,30.0,39:30.0,40:00.0,1375,1376,553.0,
554,NREM,30.0,40:00.0,40:30.0,1376,1377,554.0,
555,NREM,30.0,40:30.0,41:00.0,1377,1378,555.0,
556,NREM,30.0,41:00.0,41:30.0,1378,1379,556.0,
557,NREM,30.0,41:30.0,42:00.0,1379,1380,557.0,
558,NREM,30.0,42:00.0,42:30.0,1380,1381,558.0,
559,NREM,30.0,42:30.0,43:00.0,1381,1382,559.0,
560,NREM,30.0,43:00.0,43:30.0,1382,1383,560.0,
561,NREM,30.0,43:30.0,44:00.0,1383,1384,561.0,
562,NREM,30.0,44:00.0,44:30.0,1384,1385,562.0,
563,NREM,30.0,44:30.0,45:00.0,1385,1386,563.0,
564,NREM,30.0,45:00.0,45:30.0,1386,1387,564.0,
565,NREM,30.0,45:30.0,46:00.0,1387,1388,565.0,
566,NREM,30.0,46:00.0,46:30.0,1388,1389,566.0,
567,NREM,30.0,46:30.0,47:00.0,1389,1390,567.0,
568,NREM,30.0,47:00.0,47:30.0,1390,1391,568.0,
569,NREM,30.0,47:30.0,48:00.0,1391,1392,569.0,
570,NREM,30.0,48:00.0,48:30.0,1392,1393,570.0,
571,NREM,30.0,48:30.0,49:00.0,1393,1394,571.0,
572,NREM,30.0,49:00.0,49:30.0,1394,1395,572.0,
573,NREM,30.0,49:30.0,50:00.0,1395,1396,573.0,
574,NREM,30.0,50:00.0,50:30.0,1396,1397,574.0,
575,NREM,30.0,50:30.0,51:00.0,1397,1398,575.0,
576,NREM,30.0,51:00.0,51:30.0,1398,1399,576.0,
577,NREM,30.0,51:30.0,52:00.0,1399,1400,577.0,
578,NREM,30.0,52:00.0,52:30.0,1400,1401,578.0,
579,NREM,30.0,52:30.0,53:00.0,1401,1402,579.0,
580,REM,30.0,53:00.0,53:30.0,1402,1403,580.0,
581,NREM,30.0,53:30.0,54:00.0,1403,1404,581.0,
582,NREM,30.0,54:00.0,54:30.0,1404,1405,582.0,
583,NREM,30.0,54:30.0,55:00.0,1405,1406,583.0,
584,NREM,30.0,55:00.0,55:30.0,1406,1407,584.0,
585,NREM,30.0,55:30.0,56:00.0,1407,1408,585.0,
586,NREM,30.0,56:00.0,56:30.0,1408,1409,586.0,
587,NREM,30.0,56:30.0,57:00.0,1409,1410,587.0,
588,NREM,30.0,57:00.0,57:30.0,1410,1411,588.0,
589,NREM,30.0,57:30.0,58:00.0,1411,1412,589.0,
590,NREM,30.0,58:00.0,58:30.0,1412,1413,590.0,
591,NREM,30.0,58:30.0,59:00.0,1413,1414,591.0,
592,NREM,30.0,59:00.0,59:30.0,1414,1415,592.0,
593,NREM,30.0,59:30.0,00:00.0,1415,1416,593.0,
594,NREM,30.0,00:00.0,00:30.0,1416,1417,594.0,
595,NREM,30.0,00:30.0,01:00.0,1417,1418,595.0,
596,NREM,30.0,01:00.0,01:30.0,1418,1419,596.0,
597,NREM,30.0,01:30.0,02:00.0,1419,1420,597.0,
598,NREM,30.0,02:00.0,02:30.0,1420,1421,598.0,
599,NREM,30.0,02:30.0,03:00.0,1421,1422,599.0,
600,NREM,30.0,03:00.0,03:30.0,1422,1423,600.0,
601,NREM,30.0,03:30.0,04:00.0,1423,1424,601.0,
602,NREM,30.0,04:00.0,04:30.0,1424,1425,602.0,
603,NREM,30.0,04:30.0,05:00.0,1425,1426,603.0,
604,NREM,30.0,05:00.0,05:30.0,1426,1427,604.0,
605,NREM,30.0,05:30.0,06:00.0,1427,1428,605.0,
606,NREM,30.0,06:00.0,06:30.0,1428,1429,606.0,
607,NREM,30.0,06:30.0,07:00.0,1429,1430,607.0,
608,NREM,30.0,07:00.0,07:30.0,1430,1431,608.0,
609,NREM,30.0,07:30.0,08:00.0,1431,1432,609.0,
610,NREM,30.0,08:00.0,08:30.0,1432,1433,610.0,
611,NREM,30.0,08:30.0,09:00.0,1433,1434,611.0,
612,NREM,30.0,09:00.0,09:30.0,1434,1435,612.0,
613,NREM,30.0,09:30.0,10:00.0,1435,1436,613.0,
614,NREM,30.0,10:00.0,10:30.0,1436,1437,614.0,
615,NREM,30.0,10:30.0,11:00.0,1437,1438,615.0,
616,NREM,30.0,11:00.0,11:30.0,1438,1439,616.0,
617,NREM,30.0,11:30.0,12:00.0,1439,1440,617.0,
618,NREM,30.0,12:00.0,12:30.0,1440,1441,618.0,
619,NREM,30.0,12:30.0,13:00.0,1441,1442,619.0,
620,NREM,30.0,13:00.0,13:30.0,1442,1443,620.0,
621,NREM,30.0,13:30.0,14:00.0,1443,1444,621.0,
622,NREM,30.0,14:00.0,14:30.0,1444,1445,622.0,
623,NREM,30.0,14:30.0,15:00.0,1445,1446,623.0,
624,NREM,30.0,15:00.0,15:30.0,1446,1447,624.0,
625,NREM,30.0,15:30.0,16:00.0,1447,1448,625.0,
626,NREM,30.0,16:00.0,16:30.0,1448,1449,626.0,
627,NREM,30.0,16:30.0,17:00.0,1449,1450,627.0,
628,NREM,30.0,17:00.0,17:30.0,1450,1451,628.0,
629,NREM,30.0,17:30.0,18:00.0,1451,1452,629.0,
630,NREM,30.0,18:00.0,18:30.0,1452,1453,630.0,
631,NREM,30.0,18:30.0,19:00.0,1453,1454,631.0,
632,NREM,30.0,19:00.0,19:30.0,1454,1455,632.0,
633,NREM,30.0,19:30.0,20:00.0,1455,1456,633.0,
634,NREM,30.0,20:00.0,20:30.0,1456,1457,634.0,
635,NREM,30.0,20:30.0,21:00.0,1457,1458,635.0,
636,NREM,30.0,21:00.0,21:30.0,1458,1459,636.0,
637,NREM,30.0,21:30.0,22:00.0,1459,1460,637.0,
638,NREM,30.0,22:00.0,22:30.0,1460,1461,638.0,
639,NREM,30.0,22:30.0,23:00.0,1461,1462,639.0,
640,NREM,30.0,23:00.0,23:30.0,1462,1463,640.0,
641,NREM,30.0,23:30.0,24:00.0,1463,1464,641.0,
642,NREM,30.0,24:00.0,24:30.0,1464,1465,642.0,
643,NREM,30.0,24:30.0,25:00.0,1465,1466,643.0,
644,NREM,30.0,25:00.0,25:30.0,1466,1467,644.0,
645,NREM,30.0,25:30.0,26:00.0,1467,1468,645.0,
646,NREM,30.0,26:00.0,26:30.0,1468,1469,646.0,
647,NREM,30.0,26:30.0,27:00.0,1469,1470,647.0,
648,NREM,30.0,27:00.0,27:30.0,1470,1471,648.0,
649,NREM,30.0,27:30.0,28:00.0,1471,1472,649.0,
650,NREM,30.0,28:00.0,28:30.0,1472,1473,650.0,
651,NREM,30.0,28:30.0,29:00.0,1473,1474,651.0,
652,NREM,30.0,29:00.0,29:30.0,1474,1475,652.0,
653,NREM,30.0,29:30.0,30:00.0,1475,1476,653.0,
654,NREM,30.0,30:00.0,30:30.0,1476,1477,654.0,
655,NREM,30.0,30:30.0,31:00.0,1477,1478,655.0,
656,NREM,30.0,31:00.0,31:30.0,1478,1479,656.0,
657,NREM,30.0,31:30.0,32:00.0,1479,1480,657.0,
658,NREM,30.0,32:00.0,32:30.0,1480,1481,658.0,
659,NREM,30.0,32:30.0,33:00.0,1481,1482,659.0,
660,NREM,30.0,33:00.0,33:30.0,1482,1483,660.0,
661,NREM,30.0,33:30.0,34:00.0,1483,1484,661.0,
662,NREM,30.0,34:00.0,34:30.0,1484,1485,662.0,
663,NREM,30.0,34:30.0,35:00.0,1485,1486,663.0,
664,NREM,30.0,35:00.0,35:30.0,1486,1487,664.0,
665,NREM,30.0,35:30.0,36:00.0,1487,1488,665.0,
666,NREM,30.0,36:00.0,36:30.0,1488,1489,666.0,
667,NREM,30.0,36:30.0,37:00.0,1489,1490,667.0,
668,NREM,30.0,37:00.0,37:30.0,1490,1491,668.0,
669,NREM,30.0,37:30.0,38:00.0,1491,1492,669.0,
670,NREM,30.0,38:00.0,38:30.0,1492,1493,670.0,
671,NREM,30.0,38:30.0,39:00.0,1493,1494,671.0,
672,NREM,30.0,39:00.0,39:30.0,1494,1495,672.0,
673,NREM,30.0,39:30.0,40:00.0,1495,1496,673.0,
674,NREM,30.0,40:00.0,40:30.0,1496,1497,674.0,
675,NREM,30.0,40:30.0,41:00.0,1497,1498,675.0,
676,NREM,30.0,41:00.0,41:30.0,1498,1499,676.0,
677,NREM,30.0,41:30.0,42:00.0,1499,1500,677.0,
678,NREM,30.0,42:00.0,42:30.0,1500,1501,678.0,
679,NREM,30.0,42:30.0,43:00.0,1501,1502,679.0,
680,NREM,30.0,43:00.0,43:30.0,1502,1503,680.0,
681,NREM,30.0,43:30.0,44:00.0,1503,1504,681.0,
682,NREM,30.0,44:00.0,44:30.0,1504,1505,682.0,
683,NREM,30.0,44:30.0,45:00.0,1505,1506,683.0,
684,NREM,30.0,45:00.0,45:30.0,1506,1507,684.0,
685,NREM,30.0,45:30.0,46:00.0,1507,1508,685.0,
686,NREM,30.0,46:00.0,46:30.0,1508,1509,686.0,
687,NREM,30.0,46:30.0,47:00.0,1509,1510,687.0,
688,NREM,30.0,47:00.0,47:30.0,1510,1511,688.0,
689,NREM,30.0,47:30.0,48:00.0,1511,1512,689.0,
690,NREM,30.0,48:00.0,48:30.0,1512,1513,690.0,
691,NREM,30.0,48:30.0,49:00.0,1513,1514,691.0,
692,NREM,30.0,49:00.0,49:30.0,1514,1515,692.0,
693,NREM,30.0,49:30.0,50:00.0,1515,1516,693.0,
694,NREM,30.0,50:00.0,50:30.0,1516,1517,694.0,
695,NREM,30.0,50:30.0,51:00.0,1517,1518,695.0,
696,NREM,30.0,51:00.0,51:30.0,1518,1519,696.0,
697,NREM,30.0,51:30.0,52:00.0,1519,1520,697.0,
698,NREM,30.0,52:00.0,52:30.0,1520,1521,698.0,
699,NREM,30.0,52:30.0,53:00.0,1521,1522,699.0,
700,NREM,30.0,53:00.0,53:30.0,1522,1523,700.0,
701,NREM,30.0,53:30.0,54:00.0,1523,1524,701.0,
702,REM,30.0,54:00.0,54:30.0,1524,1525,702.0,
703,NREM,30.0,54:30.0,55:00.0,1525,1526,703.0,
704,NREM,30.0,55:00.0,55:30.0,1526,1527,704.0,
705,NREM,30.0,55:30.0,56:00.0,1527,1528,705.0,
706,NREM,30.0,56:00.0,56:30.0,1528,1529,706.0,
707,NREM,30.0,56:30.0,57:00.0,1529,1530,707.0,
708,NREM,30.0,57:00.0,57:30.0,1530,1531,708.0,
709,REM,30.0,57:30.0,58:00.0,1531,1532,709.0,
710,REM,30.0,58:00.0,58:30.0,1532,1533,710.0,
711,REM,30.0,58:30.0,59:00.0,1533,1534,711.0,
712,REM,30.0,59:00.0,59:30.0,1534,1535,712.0,
713,REM,30.0,59:30.0,00:00.0,1535,1536,713.0,
714,REM,30.0,00:00.0,00:30.0,1536,1537,714.0,
715,REM,30.0,00:30.0,01:00.0,1537,1538,715.0,
716,REM,30.0,01:00.0,01:30.0,1538,1539,716.0,
717,REM,30.0,01:30.0,02:00.0,1539,1540,717.0,
718,REM,30.0,02:00.0,02:30.0,1540,1541,718.0,
719,REM,30.0,02:30.0,03:00.0,1541,1542,719.0,
720,REM,30.0,03:00.0,03:30.0,1542,1543,720.0,
721,REM,30.0,03:30.0,04:00.0,1543,1544,721.0,
722,REM,30.0,04:00.0,04:30.0,1544,1545,722.0,
723,REM,30.0,04:30.0,05:00.0,1545,1546,723.0,
724,REM,30.0,05:00.0,05:30.0,1546,1547,724.0,
725,REM,30.0,05:30.0,06:00.0,1547,1548,725.0,
726,REM,30.0,06:00.0,06:30.0,1548,1549,726.0,
727,REM,30.0,06:30.0,07:00.0,1549,1550,727.0,
728,REM,30.0,07:00.0,07:30.0,1550,1551,728.0,
729,REM,30.0,07:30.0,08:00.0,1551,1552,729.0,
730,REM,30.0,08:00.0,08:30.0,1552,1553,730.0,
731,REM,30.0,08:30.0,09:00.0,1553,1554,731.0,
732,REM,30.0,09:00.0,09:30.0,1554,1555,732.0,
733,REM,30.0,09:30.0,10:00.0,1555,1556,733.0,
734,REM,30.0,10:00.0,10:30.0,1556,1557,734.0,
735,REM,30.0,10:30.0,11:00.0,1557,1558,735.0,
736,NREM,30.0,11:00.0,11:30.0,1558,1559,736.0,
737,REM,30.0,11:30.0,12:00.0,1559,1560,737.0,
738,REM,30.0,12:00.0,12:30.0,1560,1561,738.0,
739,REM,30.0,12:30.0,13:00.0,1561,1562,739.0,
740,REM,30.0,13:00.0,13:30.0,1562,1563,740.0,
741,REM,30.0,13:30.0,14:00.0,1563,1564,741.0,
742,REM,30.0,14:00.0,14:30.0,1564,1565,742.0,
743,REM,30.0,14:30.0,15:00.0,1565,1566,743.0,
744,REM,30.0,15:00.0,15:30.0,1566,1567,744.0,
745,REM,30.0,15:30.0,16:00.0,1567,1568,745.0,
746,REM,30.0,16:00.0,16:30.0,1568,1569,746.0,
747,REM,30.0,16:30.0,17:00.0,1569,1570,747.0,
748,NREM,30.0,17:00.0,17:30.0,1570,1571,748.0,
749,REM,30.0,17:30.0,18:00.0,1571,1572,749.0,
750,REM,30.0,18:00.0,18:30.0,1572,1573,750.0,
751,REM,30.0,18:30.0,19:00.0,1573,1574,751.0,
752,REM,30.0,19:00.0,19:30.0,1574,1575,752.0,
753,REM,30.0,19:30.0,20:00.0,1575,1576,753.0,
754,REM,30.0,20:00.0,20:30.0,1576,1577,754.0,
755,REM,30.0,20:30.0,21:00.0,1577,1578,755.0,
756,REM,30.0,21:00.0,21:30.0,1578,1579,756.0,
757,REM,30.0,21:30.0,22:00.0,1579,1580,757.0,
758,REM,30.0,22:00.0,22:30.0,1580,1581,758.0,
759,REM,30.0,22:30.0,23:00.0,1581,1582,759.0,
760,REM,30.0,23:00.0,23:30.0,1582,1583,760.0,
761,REM,30.0,23:30.0,24:00.0,1583,1584,761.0,
762,REM,30.0,24:00.0,24:30.0,1584,1585,762.0,
763,REM,30.0,24:30.0,25:00.0,1585,1586,763.0,
764,REM,30.0,25:00.0,25:30.0,1586,1587,764.0,
765,REM,30.0,25:30.0,26:00.0,1587,1588,765.0,
766,REM,30.0,26:00.0,26:30.0,1588,1589,766.0,
767,REM,30.0,26:30.0,27:00.0,1589,1590,767.0,
768,REM,30.0,27:00.0,27:30.0,1590,1591,768.0,
769,REM,30.0,27:30.0,28:00.0,1591,1592,769.0,
770,REM,30.0,28:00.0,28:30.0,1592,1593,770.0,
771,REM,30.0,28:30.0,29:00.0,1593,1594,771.0,
772,REM,30.0,29:00.0,29:30.0,1594,1595,772.0,
773,REM,30.0,29:30.0,30:00.0,1595,1596,773.0,
774,REM,30.0,30:00.0,30:30.0,1596,1597,774.0,
775,REM,30.0,30:30.0,31:00.0,1597,1598,775.0,
776,NREM,30.0,31:00.0,31:30.0,1598,1599,776.0,
777,NREM,30.0,31:30.0,32:00.0,1599,1600,777.0,
778,NREM,30.0,32:00.0,32:30.0,1600,1601,778.0,
779,REM,30.0,32:30.0,33:00.0,1601,1602,779.0,
780,REM,30.0,33:00.0,33:30.0,1602,1603,780.0,
781,REM,30.0,33:30.0,34:00.0,1603,1604,781.0,
782,REM,30.0,34:00.0,34:30.0,1604,1605,782.0,
783,REM,30.0,34:30.0,35:00.0,1605,1606,783.0,
784,NREM,30.0,35:00.0,35:30.0,1606,1607,784.0,
785,NREM,30.0,35:30.0,36:00.0,1607,1608,785.0,
786,NREM,30.0,36:00.0,36:30.0,1608,1609,786.0,
787,NREM,30.0,36:30.0,37:00.0,1609,1610,787.0,
788,NREM,30.0,37:00.0,37:30.0,1610,1611,788.0,
789,NREM,30.0,37:30.0,38:00.0,1611,1612,789.0,
790,NREM,30.0,38:00.0,38:30.0,1612,1613,790.0,
791,NREM,30.0,38:30.0,39:00.0,1613,1614,791.0,
792,NREM,30.0,39:00.0,39:30.0,1614,1615,792.0,
793,NREM,30.0,39:30.0,40:00.0,1615,1616,793.0,
794,NREM,30.0,40:00.0,40:30.0,1616,1617,794.0,
795,NREM,30.0,40:30.0,41:00.0,1617,1618,795.0,
796,NREM,30.0,41:00.0,41:30.0,1618,1619,796.0,
797,NREM,30.0,41:30.0,42:00.0,1619,1620,797.0,
798,NREM,30.0,42:00.0,42:30.0,1620,1621,798.0,
799,REM,30.0,42:30.0,43:00.0,1621,1622,799.0,
800,NREM,30.0,43:00.0,43:30.0,1622,1623,800.0,
801,NREM,30.0,43:30.0,44:00.0,1623,1624,801.0,
802,NREM,30.0,44:00.0,44:30.0,1624,1625,802.0,
803,NREM,30.0,44:30.0,45:00.0,1625,1626,803.0,
804,NREM,30.0,45:00.0,45:30.0,1626,1627,804.0,
805,NREM,30.0,45:30.0,46:00.0,1627,1628,805.0,
806,NREM,30.0,46:00.0,46:30.0,1628,1629,806.0,
807,NREM,30.0,46:30.0,47:00.0,1629,1630,807.0,
808,REM,30.0,47:00.0,47:30.0,1630,1631,808.0,
809,REM,30.0,47:30.0,48:00.0,1631,1632,809.0,
810,REM,30.0,48:00.0,48:30.0,1632,1633,810.0,
811,REM,30.0,48:30.0,49:00.0,1633,1634,811.0,
812,NREM,30.0,49:00.0,49:30.0,1634,1635,812.0,
813,REM,30.0,49:30.0,50:00.0,1635,1636,813.0,
814,REM,30.0,50:00.0,50:30.0,1636,1637,814.0,
815,REM,30.0,50:30.0,51:00.0,1637,1638,815.0,
816,REM,30.0,51:00.0,51:30.0,1638,1639,816.0,
817,REM,30.0,51:30.0,52:00.0,1639,1640,817.0,
818,REM,30.0,52:00.0,52:30.0,1640,1641,818.0,
819,REM,30.0,52:30.0,53:00.0,1641,1642,819.0,
820,NREM,30.0,53:00.0,53:30.0,1642,1643,820.0,
821,NREM,30.0,53:30.0,54:00.0,1643,1644,821.0,
822,NREM,30.0,54:00.0,54:30.0,1644,1645,822.0,
823,NREM,30.0,54:30.0,55:00.0,1645,1646,823.0,
824,NREM,30.0,55:00.0,55:30.0,1646,1647,824.0,
825,NREM,30.0,55:30.0,56:00.0,1647,1648,825.0,
826,NREM,30.0,56:00.0,56:30.0,1648,1649,826.0,
827,NREM,30.0,56:30.0,57:00.0,1649,1650,827.0,
828,NREM,30.0,57:00.0,57:30.0,1650,1651,828.0,
829,NREM,30.0,57:30.0,58:00.0,1651,1652,829.0,
830,NREM,30.0,58:00.0,58:30.0,1652,1653,830.0,
831,NREM,30.0,58:30.0,59:00.0,1653,1654,831.0,
832,NREM,30.0,59:00.0,59:30.0,1654,1655,832.0,
833,NREM,30.0,59:30.0,00:00.0,1655,1656,833.0,
834,NREM,30.0,00:00.0,00:30.0,1656,1657,834.0,
835,NREM,30.0,00:30.0,01:00.0,1657,1658,835.0,
836,NREM,30.0,01:00.0,01:30.0,1658,1659,836.0,
837,NREM,30.0,01:30.0,02:00.0,1659,1660,837.0,
838,NREM,30.0,02:00.0,02:30.0,1660,1661,838.0,
839,NREM,30.0,02:30.0,03:00.0,1661,1662,839.0,
840,NREM,30.0,03:00.0,03:30.0,1662,1663,840.0,
841,NREM,30.0,03:30.0,04:00.0,1663,1664,841.0,
842,NREM,30.0,04:00.0,04:30.0,1664,1665,842.0,
843,NREM,30.0,04:30.0,05:00.0,1665,1666,843.0,
844,NREM,30.0,05:00.0,05:30.0,1666,1667,844.0,
845,NREM,30.0,05:30.0,06:00.0,1667,1668,845.0,
846,NREM,30.0,06:00.0,06:30.0,1668,1669,846.0,
847,NREM,30.0,06:30.0,07:00.0,1669,1670,847.0,
848,NREM,30.0,07:00.0,07:30.0,1670,1671,848.0,
849,NREM,30.0,07:30.0,08:00.0,1671,1672,849.0,
850,NREM,30.0,08:00.0,08:30.0,1672,1673,850.0,
851,NREM,30.0,08:30.0,09:00.0,1673,1674,851.0,
852,NREM,30.0,09:00.0,09:30.0,1674,1675,852.0,
853,NREM,30.0,09:30.0,10:00.0,1675,1676,853.0,
854,NREM,30.0,10:00.0,10:30.0,1676,1677,854.0,
855,NREM,30.0,10:30.0,11:00.0,1677,1678,855.0,
856,NREM,30.0,11:00.0,11:30.0,1678,1679,856.0,
857,NREM,30.0,11:30.0,12:00.0,1679,1680,857.0,
858,NREM,30.0,12:00.0,12:30.0,1680,1681,858.0,
859,NREM,30.0,12:30.0,13:00.0,1681,1682,859.0,
860,NREM,30.0,13:00.0,13:30.0,1682,1683,860.0,
861,NREM,30.0,13:30.0,14:00.0,1683,1684,861.0,
862,NREM,30.0,14:00.0,14:30.0,1684,1685,862.0,
863,NREM,30.0,14:30.0,15:00.0,1685,1686,863.0,
864,NREM,30.0,15:00.0,15:30.0,1686,1687,864.0,
865,NREM,30.0,15:30.0,16:00.0,1687,1688,865.0,
866,NREM,30.0,16:00.0,16:30.0,1688,1689,866.0,
867,NREM,30.0,16:30.0,17:00.0,1689,1690,867.0,
868,NREM,30.0,17:00.0,17:30.0,1690,1691,868.0,
869,NREM,30.0,17:30.0,18:00.0,1691,1692,869.0,
870,NREM,30.0,18:00.0,18:30.0,1692,1693,870.0,
871,NREM,30.0,18:30.0,19:00.0,1693,1694,871.0,
872,NREM,30.0,19:00.0,19:30.0,1694,1695,872.0,
873,NREM,30.0,19:30.0,20:00.0,1695,1696,873.0,
874,NREM,30.0,20:00.0,20:30.0,1696,1697,874.0,
875,NREM,30.0,20:30.0,21:00.0,1697,1698,875.0,
876,NREM,30.0,21:00.0,21:30.0,1698,1699,876.0,
877,NREM,30.0,21:30.0,22:00.0,1699,1700,877.0,
878,NREM,30.0,22:00.0,22:30.0,1700,1701,878.0,
879,NREM,30.0,22:30.0,23:00.0,1701,1702,879.0,
880,NREM,30.0,23:00.0,23:30.0,1702,1703,880.0,
881,NREM,30.0,23:30.0,24:00.0,1703,1704,881.0,
882,NREM,30.0,24:00.0,24:30.0,1704,1705,882.0,
883,NREM,30.0,24:30.0,25:00.0,1705,1706,883.0,
884,NREM,30.0,25:00.0,25:30.0,1706,1707,884.0,
885,NREM,30.0,25:30.0,26:00.0,1707,1708,885.0,
886,NREM,30.0,26:00.0,26:30.0,1708,1709,886.0,
887,NREM,30.0,26:30.0,27:00.0,1709,1710,887.0,
888,NREM,30.0,27:00.0,27:30.0,1710,1711,888.0,
889,NREM,30.0,27:30.0,28:00.0,1711,1712,889.0,
890,NREM,30.0,28:00.0,28:30.0,1712,1713,890.0,
891,NREM,30.0,28:30.0,29:00.0,1713,1714,891.0,
892,NREM,30.0,29:00.0,29:30.0,1714,1715,892.0,
893,NREM,30.0,29:30.0,30:00.0,1715,1716,893.0,
894,NREM,30.0,30:00.0,30:30.0,1716,1717,894.0,
895,NREM,30.0,30:30.0,31:00.0,1717,1718,895.0,
896,NREM,30.0,31:00.0,31:30.0,1718,1719,896.0,
897,NREM,30.0,31:30.0,32:00.0,1719,1720,897.0,
898,NREM,30.0,32:00.0,32:30.0,1720,1721,898.0,
899,NREM,30.0,32:30.0,33:00.0,1721,1722,899.0,
900,NREM,30.0,33:00.0,33:30.0,1722,1723,900.0,
901,NREM,30.0,33:30.0,34:00.0,1723,1724,901.0,
902,NREM,30.0,34:00.0,34:30.0,1724,1725,902.0,
903,NREM,30.0,34:30.0,35:00.0,1725,1726,903.0,
904,NREM,30.0,35:00.0,35:30.0,1726,1727,904.0,
905,NREM,30.0,35:30.0,36:00.0,1727,1728,905.0,
906,NREM,30.0,36:00.0,36:30.0,1728,1729,906.0,
907,NREM,30.0,36:30.0,37:00.0,1729,1730,907.0,
908,NREM,30.0,37:00.0,37:30.0,1730,1731,908.0,
909,NREM,30.0,37:30.0,38:00.0,1731,1732,909.0,
910,NREM,30.0,38:00.0,38:30.0,1732,1733,910.0,
911,NREM,30.0,38:30.0,39:00.0,1733,1734,911.0,
912,NREM,30.0,39:00.0,39:30.0,1734,1735,912.0,
913,NREM,30.0,39:30.0,40:00.0,1735,1736,913.0,
914,NREM,30.0,40:00.0,40:30.0,1736,1737,914.0,
915,NREM,30.0,40:30.0,41:00.0,1737,1738,915.0,
916,NREM,30.0,41:00.0,41:30.0,1738,1739,916.0,
917,NREM,30.0,41:30.0,42:00.0,1739,1740,917.0,
918,NREM,30.0,42:00.0,42:30.0,1740,1741,918.0,
919,NREM,30.0,42:30.0,43:00.0,1741,1742,919.0,
920,NREM,30.0,43:00.0,43:30.0,1742,1743,920.0,
921,NREM,30.0,43:30.0,44:00.0,1743,1744,921.0,
922,NREM,30.0,44:00.0,44:30.0,1744,1745,922.0,
923,NREM,30.0,44:30.0,45:00.0,1745,1746,923.0,
924,NREM,30.0,45:00.0,45:30.0,1746,1747,924.0,
925,NREM,30.0,45:30.0,46:00.0,1747,1748,925.0,
926,NREM,30.0,46:00.0,46:30.0,1748,1749,926.0,
927,NREM,30.0,46:30.0,47:00.0,1749,1750,927.0,
928,NREM,30.0,47:00.0,47:30.0,1750,1751,928.0,
929,NREM,30.0,47:30.0,48:00.0,1751,1752,929.0,
930,REM,30.0,48:00.0,48:30.0,1752,1753,930.0,
931,REM,30.0,48:30.0,49:00.0,1753,1754,931.0,
932,REM,30.0,49:00.0,49:30.0,1754,1755,932.0,
933,REM,30.0,49:30.0,50:00.0,1755,1756,933.0,
934,REM,30.0,50:00.0,50:30.0,1756,1757,934.0,
935,REM,30.0,50:30.0,51:00.0,1757,1758,935.0,
936,REM,30.0,51:00.0,51:30.0,1758,1759,936.0,
937,REM,30.0,51:30.0,52:00.0,1759,1760,937.0,
938,REM,30.0,52:00.0,52:30.0,1760,1761,938.0,
939,REM,30.0,52:30.0,53:00.0,1761,1762,939.0,
940,REM,30.0,53:00.0,53:30.0,1762,1763,940.0,
941,REM,30.0,53:30.0,54:00.0,1763,1764,941.0,
942,REM,30.0,54:00.0,54:30.0,1764,1765,942.0,
943,REM,30.0,54:30.0,55:00.0,1765,1766,943.0,
944,REM,30.0,55:00.0,55:30.0,1766,1767,944.0,
945,REM,30.0,55:30.0,56:00.0,1767,1768,945.0,
946,REM,30.0,56:00.0,56:30.0,1768,1769,946.0,
947,REM,30.0,56:30.0,57:00.0,1769,1770,947.0,
948,REM,30.0,57:00.0,57:30.0,1770,1771,948.0,
949,REM,30.0,57:30.0,58:00.0,1771,1772,949.0,
950,REM,30.0,58:00.0,58:30.0,1772,1773,950.0,
951,REM,30.0,58:30.0,59:00.0,1773,1774,951.0,
952,REM,30.0,59:00.0,59:30.0,1774,1775,952.0,
953,REM,30.0,59:30.0,00:00.0,1775,1776,953.0,
954,REM,30.0,00:00.0,00:30.0,1776,1777,954.0,
955,REM,30.0,00:30.0,01:00.0,1777,1778,955.0,
956,REM,30.0,01:00.0,01:30.0,1778,1779,956.0,
957,REM,30.0,01:30.0,02:00.0,1779,1780,957.0,
958,REM,30.0,02:00.0,02:30.0,1780,1781,958.0,
959,REM,30.0,02:30.0,03:00.0,1781,1782,959.0,
960,REM,30.0,03:00.0,03:30.0,1782,1783,960.0,
961,REM,30.0,03:30.0,04:00.0,1783,1784,961.0,
962,REM,30.0,04:00.0,04:30.0,1784,1785,962.0,
963,REM,30.0,04:30.0,05:00.0,1785,1786,963.0,
964,REM,30.0,05:00.0,05:30.0,1786,1787,964.0,
965,REM,30.0,05:30.0,06:00.0,1787,1788,965.0,
966,REM,30.0,06:00.0,06:30.0,1788,1789,966.0,
967,REM,30.0,06:30.0,07:00.0,1789,1790,967.0,
968,REM,30.0,07:00.0,07:30.0,1790,1791,968.0,
969,NREM,30.0,07:30.0,08:00.0,1791,1792,969.0,
970,REM,30.0,08:00.0,08:30.0,1792,1793,970.0,
971,REM,30.0,08:30.0,09:00.0,1793,1794,971.0,
972,REM,30.0,09:00.0,09:30.0,1794,1795,972.0,
973,REM,30.0,09:30.0,10:00.0,1795,1796,973.0,
974,REM,30.0,10:00.0,10:30.0,1796,1797,974.0,
975,REM,30.0,10:30.0,11:00.0,1797,1798,975.0,
976,REM,30.0,11:00.0,11:30.0,1798,1799,976.0,
977,REM,30.0,11:30.0,12:00.0,1799,1800,977.0,
978,REM,30.0,12:00.0,12:30.0,1800,1801,978.0,
979,REM,30.0,12:30.0,13:00.0,1801,1802,979.0,
980,REM,30.0,13:00.0,13:30.0,1802,1803,980.0,
981,REM,30.0,13:30.0,14:00.0,1803,1804,981.0,
982,REM,30.0,14:00.0,14:30.0,1804,1805,982.0,
983,REM,30.0,14:30.0,15:00.0,1805,1806,983.0,
984,REM,30.0,15:00.0,15:30.0,1806,1807,984.0,
985,NREM,30.0,15:30.0,16:00.0,1807,1808,985.0,
986,REM,30.0,16:00.0,16:30.0,1808,1809,986.0,
987,REM,30.0,16:30.0,17:00.0,1809,1810,987.0,
988,REM,30.0,17:00.0,17:30.0,1810,1811,988.0,
989,REM,30.0,17:30.0,18:00.0,1811,1812,989.0,
990,REM,30.0,18:00.0,18:30.0,1812,1813,990.0,
991,REM,30.0,18:30.0,19:00.0,1813,1814,991.0,
992,REM,30.0,19:00.0,19:30.0,1814,1815,992.0,
993,REM,30.0,19:30.0,20:00.0,1815,1816,993.0,
994,NREM,30.0,20:00.0,20:30.0,1816,1817,994.0,
995,REM,30.0,20:30.0,21:00.0,1817,1818,995.0,
996,REM,30.0,21:00.0,21:30.0,1818,1819,996.0,
997,REM,30.0,21:30.0,22:00.0,1819,1820,997.0,
998,REM,30.0,22:00.0,22:30.0,1820,1821,998.0,
999,REM,30.0,22:30.0,23:00.0,1821,1822,999.0,
1000,NREM,30.0,23:00.0,23:30.0,1822,1823,1000.0,
1001,REM,30.0,23:30.0,24:00.0,1823,1824,1001.0,
1002,REM,30.0,24:00.0,24:30.0,1824,1825,1002.0,
1003,REM,30.0,24:30.0,25:00.0,1825,1826,1003.0,
1004,REM,30.0,25:00.0,25:30.0,1826,1827,1004.0,
1005,REM,30.0,25:30.0,26:00.0,1827,1828,1005.0,
1006,REM,30.0,26:00.0,26:30.0,1828,1829,1006.0,
1007,REM,30.0,26:30.0,27:00.0,1829,1830,1007.0,
1008,REM,30.0,27:00.0,27:30.0,1830,1831,1008.0,
1009,NREM,30.0,27:30.0,28:00.0,1831,1832,1009.0,
1010,NREM,30.0,28:00.0,28:30.0,1832,1833,1010.0,
1011,NREM,30.0,28:30.0,29:00.0,1833,1834,1011.0,
1012,NREM,30.0,29:00.0,29:30.0,1834,1835,1012.0,
1013,NREM,30.0,29:30.0,30:00.0,1835,1836,1013.0,
1014,NREM,30.0,30:00.0,30:30.0,1836,1837,1014.0,
1015,NREM,30.0,30:30.0,31:00.0,1837,1838,1015.0,
1016,NREM,30.0,31:00.0,31:30.0,1838,1839,1016.0,
1017,NREM,30.0,31:30.0,32:00.0,1839,1840,1017.0,
1018,NREM,30.0,32:00.0,32:30.0,1840,1841,1018.0,
1019,NREM,30.0,32:30.0,33:00.0,1841,1842,1019.0,
1020,NREM,30.0,33:00.0,33:30.0,1842,1843,1020.0,
1021,NREM,30.0,33:30.0,34:00.0,1843,1844,1021.0,
1022,NREM,30.0,34:00.0,34:30.0,1844,1845,1022.0,
1023,NREM,30.0,34:30.0,35:00.0,1845,1846,1023.0,
1024,NREM,30.0,35:00.0,35:30.0,1846,1847,1024.0,
1025,NREM,30.0,35:30.0,36:00.0,1847,1848,1025.0,
1026,NREM,30.0,36:00.0,36:30.0,1848,1849,1026.0,
1027,NREM,30.0,36:30.0,37:00.0,1849,1850,1027.0,
1028,NREM,30.0,37:00.0,37:30.0,1850,1851,1028.0,
1029,NREM,30.0,37:30.0,38:00.0,1851,1852,1029.0,
1030,NREM,30.0,38:00.0,38:30.0,1852,1853,1030.0,
1031,NREM,30.0,38:30.0,39:00.0,1853,1854,1031.0,
1032,NREM,30.0,39:00.0,39:30.0,1854,1855,1032.0,
1033,NREM,30.0,39:30.0,40:00.0,1855,1856,1033.0,
1034,NREM,30.0,40:00.0,40:30.0,1856,1857,1034.0,
1035,NREM,30.0,40:30.0,41:00.0,1857,1858,1035.0,
1036,NREM,30.0,41:00.0,41:30.0,1858,1859,1036.0,
1037,NREM,30.0,41:30.0,42:00.0,1859,1860,1037.0,
1038,NREM,30.0,42:00.0,42:30.0,1860,1861,1038.0,
1039,NREM,30.0,42:30.0,43:00.0,1861,1862,1039.0,
1040,NREM,30.0,43:00.0,43:30.0,1862,1863,1040.0,
1041,NREM,30.0,43:30.0,44:00.0,1863,1864,1041.0,
1042,NREM,30.0,44:00.0,44:30.0,1864,1865,1042.0,
1043,NREM,30.0,44:30.0,45:00.0,1865,1866,1043.0,
1044,NREM,30.0,45:00.0,45:30.0,1866,1867,1044.0,
1045,NREM,30.0,45:30.0,46:00.0,1867,1868,1045.0,
1046,NREM,30.0,46:00.0,46:30.0,1868,1869,1046.0,
1047,NREM,30.0,46:30.0,47:00.0,1869,1870,1047.0,
1048,NREM,30.0,47:00.0,47:30.0,1870,1871,1048.0,
1049,NREM,30.0,47:30.0,48:00.0,1871,1872,1049.0,
1050,NREM,30.0,48:00.0,48:30.0,1872,1873,1050.0,
1051,NREM,30.0,48:30.0,49:00.0,1873,1874,1051.0,
1052,NREM,30.0,49:00.0,49:30.0,1874,1875,1052.0,
1053,NREM,30.0,49:30.0,50:00.0,1875,1876,1053.0,
1054,NREM,30.0,50:00.0,50:30.0,1876,1877,1054.0,
1055,NREM,30.0,50:30.0,51:00.0,1877,1878,1055.0,
1056,NREM,30.0,51:00.0,51:30.0,1878,1879,1056.0,
1057,NREM,30.0,51:30.0,52:00.0,1879,1880,1057.0,
1058,NREM,30.0,52:00.0,52:30.0,1880,1881,1058.0,
1059,NREM,30.0,52:30.0,53:00.0,1881,1882,1059.0,
1060,NREM,30.0,53:00.0,53:30.0,1882,1883,1060.0,
1061,NREM,30.0,53:30.0,54:00.0,1883,1884,1061.0,
1062,NREM,30.0,54:00.0,54:30.0,1884,1885,1062.0,
1063,NREM,30.0,54:30.0,55:00.0,1885,1886,1063.0,
1064,NREM,30.0,55:00.0,55:30.0,1886,1887,1064.0,
1065,NREM,30.0,55:30.0,56:00.0,1887,1888,1065.0,
1066,NREM,30.0,56:00.0,56:30.0,1888,1889,1066.0,
1067,NREM,30.0,56:30.0,57:00.0,1889,1890,1067.0,
1068,NREM,30.0,57:00.0,57:30.0,1890,1891,1068.0,
1069,NREM,30.0,57:30.0,58:00.0,1891,1892,1069.0,
1070,NREM,30.0,58:00.0,58:30.0,1892,1893,1070.0,
1071,NREM,30.0,58:30.0,59:00.0,1893,1894,1071.0,
1072,NREM,30.0,59:00.0,59:30.0,1894,1895,1072.0,
1073,NREM,30.0,59:30.0,00:00.0,1895,1896,1073.0,
1074,NREM,30.0,00:00.0,00:30.0,1896,1897,1074.0,
1075,NREM,30.0,00:30.0,01:00.0,1897,1898,1075.0,
1076,NREM,30.0,01:00.0,01:30.0,1898,1899,1076.0,
1077,NREM,30.0,01:30.0,02:00.0,1899,1900,1077.0,
1078,NREM,30.0,02:00.0,02:30.0,1900,1901,1078.0,
1079,NREM,30.0,02:30.0,03:00.0,1901,1902,1079.0,
1080,NREM,30.0,03:00.0,03:30.0,1902,1903,1080.0,
1081,NREM,30.0,03:30.0,04:00.0,1903,1904,1081.0,
1082,NREM,30.0,04:00.0,04:30.0,1904,1905,1082.0,
1083,NREM,30.0,04:30.0,05:00.0,1905,1906,1083.0,
1084,NREM,30.0,05:00.0,05:30.0,1906,1907,1084.0,
1085,NREM,30.0,05:30.0,06:00.0,1907,1908,1085.0,
1086,NREM,30.0,06:00.0,06:30.0,1908,1909,1086.0,
1087,NREM,30.0,06:30.0,07:00.0,1909,1910,1087.0,
