,Event,Duration,Start Time,End Time,Start Epoch,End Epoch
0,NREM,30,00:03:00.000,00:03:30.000,822,823
1,NREM,30,00:03:30.000,00:04:00.000,823,824
2,NREM,30,00:04:30.000,00:05:00.000,825,826
3,NREM,30,00:05:00.000,00:05:30.000,826,827
4,NREM,30,00:05:30.000,00:06:00.000,827,828
5,NREM,30,00:06:00.000,00:06:30.000,828,829
6,NREM,30,00:06:30.000,00:07:00.000,829,830
7,REM,30,00:07:00.000,00:07:30.000,830,831
8,REM,30,00:07:30.000,00:08:00.000,831,832
9,REM,30,00:08:00.000,00:08:30.000,832,833
10,REM,30,00:08:30.000,00:09:00.000,833,834
11,REM,30,00:09:00.000,00:09:30.000,834,835
12,REM,30,00:09:30.000,00:10:00.000,835,836
13,NREM,30,00:10:00.000,00:10:30.000,836,837
14,NREM,30,00:10:30.000,00:11:00.000,837,838
15,NREM,30,00:11:00.000,00:11:30.000,838,839
16,NREM,30,00:11:30.000,00:12:00.000,839,840
17,NREM,30,00:12:00.000,00:12:30.000,840,841
18,NREM,30,00:12:30.000,00:13:00.000,841,842
19,REM,30,00:13:00.000,00:13:30.000,842,843
20,NREM,30,00:16:30.000,00:17:00.000,849,850
21,NREM,30,00:17:00.000,00:17:30.000,850,851
22,NREM,30,00:17:30.000,00:18:00.000,851,852
23,NREM,30,00:18:00.000,00:18:30.000,852,853
24,NREM,30,00:18:30.000,00:19:00.000,853,854
25,NREM,30,00:19:00.000,00:19:30.000,854,855
26,NREM,30,00:19:30.000,00:20:00.000,855,856
27,NREM,30,00:20:00.000,00:20:30.000,856,857
28,NREM,30,00:20:30.000,00:21:00.000,857,858
29,NREM,30,00:21:00.000,00:21:30.000,858,859
30,NREM,30,00:21:30.000,00:22:00.000,859,860
31,NREM,30,00:22:00.000,00:22:30.000,860,861
32,NREM,30,00:22:30.000,00:23:00.000,861,862
33,NREM,30,00:23:00.000,00:23:30.000,862,863
34,NREM,30,00:23:30.000,00:24:00.000,863,864
35,NREM,30,00:24:00.000,00:24:30.000,864,865
36,NREM,30,00:24:30.000,00:25:00.000,865,866
37,NREM,30,00:25:00.000,00:25:30.000,866,867
38,NREM,30,00:25:30.000,00:26:00.000,867,868
39,NREM,30,00:26:00.000,00:26:30.000,868,869
40,NREM,30,00:46:30.000,00:47:00.000,909,910
41,NREM,30,00:47:00.000,00:47:30.000,910,911
42,NREM,30,00:47:30.000,00:48:00.000,911,912
43,NREM,30,00:48:00.000,00:48:30.000,912,913
44,NREM,30,00:48:30.000,00:49:00.000,913,914
45,NREM,30,00:49:00.000,00:49:30.000,914,915
46,NREM,30,00:49:30.000,00:50:00.000,915,916
47,NREM,30,00:50:30.000,00:51:00.000,917,918
48,NREM,30,00:51:00.000,00:51:30.000,918,919
49,NREM,30,00:51:30.000,00:52:00.000,919,920
50,NREM,30,00:52:00.000,00:52:30.000,920,921
51,NREM,30,00:52:30.000,00:53:00.000,921,922
52,NREM,30,00:53:00.000,00:53:30.000,922,923
53,NREM,30,00:53:30.000,00:54:00.000,923,924
54,NREM,30,00:54:00.000,00:54:30.000,924,925
55,NREM,30,00:54:30.000,00:55:00.000,925,926
56,NREM,30,00:55:00.000,00:55:30.000,926,927
57,NREM,30,00:55:30.000,00:56:00.000,927,928
58,NREM,30,00:56:00.000,00:56:30.000,928,929
59,NREM,30,00:56:30.000,00:57:00.000,929,930
60,NREM,30,00:57:00.000,00:57:30.000,930,931
61,NREM,30,00:57:30.000,00:58:00.000,931,932
62,NREM,30,00:58:00.000,00:58:30.000,932,933
63,NREM,30,00:58:30.000,00:59:00.000,933,934
64,NREM,30,00:59:00.000,00:59:30.000,934,935
65,NREM,30,00:59:30.000,01:00:00.000,935,936
66,NREM,30,01:00:00.000,01:00:30.000,936,937
67,NREM,30,01:00:30.000,01:01:00.000,937,938
68,NREM,30,01:01:00.000,01:01:30.000,938,939
69,NREM,30,01:01:30.000,01:02:00.000,939,940
70,NREM,30,01:02:00.000,01:02:30.000,940,941
71,NREM,30,01:03:00.000,01:03:30.000,942,943
72,NREM,30,01:03:30.000,01:04:00.000,943,944
73,NREM,30,01:04:00.000,01:04:30.000,944,945
74,NREM,30,01:04:30.000,01:05:00.000,945,946
75,NREM,30,01:05:00.000,01:05:30.000,946,947
76,NREM,30,01:05:30.000,01:06:00.000,947,948
77,NREM,30,01:06:00.000,01:06:30.000,948,949
78,NREM,30,01:06:30.000,01:07:00.000,949,950
79,NREM,30,01:07:00.000,01:07:30.000,950,951
80,NREM,30,01:07:30.000,01:08:00.000,951,952
81,NREM,30,01:08:00.000,01:08:30.000,952,953
82,NREM,30,01:08:30.000,01:09:00.000,953,954
83,NREM,30,01:09:00.000,01:09:30.000,954,955
84,NREM,30,01:09:30.000,01:10:00.000,955,956
85,NREM,30,01:10:00.000,01:10:30.000,956,957
86,NREM,30,01:10:30.000,01:11:00.000,957,958
87,NREM,30,01:11:00.000,01:11:30.000,958,959
88,NREM,30,01:11:30.000,01:12:00.000,959,960
89,NREM,30,01:12:00.000,01:12:30.000,960,961
90,NREM,30,01:12:30.000,01:13:00.000,961,962
91,NREM,30,01:13:00.000,01:13:30.000,962,963
92,REM,30,01:13:30.000,01:14:00.000,963,964
93,REM,30,01:14:00.000,01:14:30.000,964,965
94,REM,30,01:14:30.000,01:15:00.000,965,966
95,REM,30,01:15:00.000,01:15:30.000,966,967
96,REM,30,01:15:30.000,01:16:00.000,967,968
97,NREM,30,01:16:30.000,01:17:00.000,969,970
98,NREM,30,01:17:00.000,01:17:30.000,970,971
99,NREM,30,01:17:30.000,01:18:00.000,971,972
100,NREM,30,01:18:00.000,01:18:30.000,972,973
101,NREM,30,01:18:30.000,01:19:00.000,973,974
102,NREM,30,01:19:00.000,01:19:30.000,974,975
103,NREM,30,01:19:30.000,01:20:00.000,975,976
104,NREM,30,01:20:00.000,01:20:30.000,976,977
105,NREM,30,01:20:30.000,01:21:00.000,977,978
106,NREM,30,01:21:00.000,01:21:30.000,978,979
107,NREM,30,01:21:30.000,01:22:00.000,979,980
108,NREM,30,01:22:00.000,01:22:30.000,980,981
109,NREM,30,01:22:30.000,01:23:00.000,981,982
110,NREM,30,01:23:00.000,01:23:30.000,982,983
111,NREM,30,01:23:30.000,01:24:00.000,983,984
112,NREM,30,01:24:00.000,01:24:30.000,984,985
113,NREM,30,01:25:00.000,01:25:30.000,986,987
114,NREM,30,01:25:30.000,01:26:00.000,987,988
115,NREM,30,01:26:00.000,01:26:30.000,988,989
116,NREM,30,01:26:30.000,01:27:00.000,989,990
117,NREM,30,01:27:00.000,01:27:30.000,990,991
118,NREM,30,01:27:30.000,01:28:00.000,991,992
119,NREM,30,01:28:00.000,01:28:30.000,992,993
120,NREM,30,01:28:30.000,01:29:00.000,993,994
121,NREM,30,01:29:00.000,01:29:30.000,994,995
122,NREM,30,01:29:30.000,01:30:00.000,995,996
123,NREM,30,01:30:00.000,01:30:30.000,996,997
124,NREM,30,01:30:30.000,01:31:00.000,997,998
125,NREM,30,01:31:00.000,01:31:30.000,998,999
126,NREM,30,01:31:30.000,01:32:00.000,999,1000
127,NREM,30,01:32:00.000,01:32:30.000,1000,1001
128,NREM,30,01:32:30.000,01:33:00.000,1001,1002
129,NREM,30,01:33:00.000,01:33:30.000,1002,1003
130,NREM,30,01:33:30.000,01:34:00.000,1003,1004
131,NREM,30,01:34:00.000,01:34:30.000,1004,1005
132,NREM,30,01:34:30.000,01:35:00.000,1005,1006
133,NREM,30,01:35:00.000,01:35:30.000,1006,1007
134,NREM,30,01:35:30.000,01:36:00.000,1007,1008
135,NREM,30,01:36:00.000,01:36:30.000,1008,1009
136,NREM,30,01:36:30.000,01:37:00.000,1009,1010
137,NREM,30,01:37:00.000,01:37:30.000,1010,1011
138,NREM,30,01:37:30.000,01:38:00.000,1011,1012
139,NREM,30,01:38:00.000,01:38:30.000,1012,1013
140,NREM,30,01:38:30.000,01:39:00.000,1013,1014
141,NREM,30,01:39:00.000,01:39:30.000,1014,1015
142,NREM,30,01:39:30.000,01:40:00.000,1015,1016
143,NREM,30,01:40:00.000,01:40:30.000,1016,1017
144,NREM,30,01:40:30.000,01:41:00.000,1017,1018
145,NREM,30,01:41:00.000,01:41:30.000,1018,1019
146,NREM,30,01:41:30.000,01:42:00.000,1019,1020
147,NREM,30,01:42:00.000,01:42:30.000,1020,1021
148,NREM,30,01:42:30.000,01:43:00.000,1021,1022
149,NREM,30,01:43:00.000,01:43:30.000,1022,1023
150,NREM,30,01:43:30.000,01:44:00.000,1023,1024
151,NREM,30,01:44:00.000,01:44:30.000,1024,1025
152,NREM,30,01:44:30.000,01:45:00.000,1025,1026
153,NREM,30,01:45:00.000,01:45:30.000,1026,1027
154,NREM,30,01:45:30.000,01:46:00.000,1027,1028
155,NREM,30,01:46:00.000,01:46:30.000,1028,1029
156,NREM,30,01:46:30.000,01:47:00.000,1029,1030
157,NREM,30,01:47:00.000,01:47:30.000,1030,1031
158,NREM,30,01:47:30.000,01:48:00.000,1031,1032
159,NREM,30,01:48:00.000,01:48:30.000,1032,1033
160,NREM,30,01:48:30.000,01:49:00.000,1033,1034
161,NREM,30,01:49:00.000,01:49:30.000,1034,1035
162,NREM,30,01:49:30.000,01:50:00.000,1035,1036
163,NREM,30,01:50:00.000,01:50:30.000,1036,1037
164,NREM,30,01:50:30.000,01:51:00.000,1037,1038
165,NREM,30,01:51:00.000,01:51:30.000,1038,1039
166,NREM,30,01:51:30.000,01:52:00.000,1039,1040
167,NREM,30,01:52:00.000,01:52:30.000,1040,1041
168,NREM,30,01:52:30.000,01:53:00.000,1041,1042
169,NREM,30,01:53:00.000,01:53:30.000,1042,1043
170,NREM,30,01:53:30.000,01:54:00.000,1043,1044
171,NREM,30,01:54:00.000,01:54:30.000,1044,1045
172,NREM,30,01:54:30.000,01:55:00.000,1045,1046
173,NREM,30,01:55:00.000,01:55:30.000,1046,1047
174,NREM,30,01:55:30.000,01:56:00.000,1047,1048
175,NREM,30,01:56:00.000,01:56:30.000,1048,1049
176,NREM,30,01:56:30.000,01:57:00.000,1049,1050
177,NREM,30,01:57:00.000,01:57:30.000,1050,1051
178,NREM,30,01:57:30.000,01:58:00.000,1051,1052
179,NREM,30,01:58:00.000,01:58:30.000,1052,1053
180,NREM,30,01:58:30.000,01:59:00.000,1053,1054
181,NREM,30,01:59:00.000,01:59:30.000,1054,1055
182,NREM,30,01:59:30.000,02:00:00.000,1055,1056
183,NREM,30,02:00:00.000,02:00:30.000,1056,1057
184,NREM,30,02:00:30.000,02:01:00.000,1057,1058
185,NREM,30,02:01:00.000,02:01:30.000,1058,1059
186,NREM,30,02:02:30.000,02:03:00.000,1061,1062
187,NREM,30,02:03:00.000,02:03:30.000,1062,1063
188,NREM,30,02:03:30.000,02:04:00.000,1063,1064
189,NREM,30,02:04:00.000,02:04:30.000,1064,1065
190,NREM,30,02:04:30.000,02:05:00.000,1065,1066
191,NREM,30,02:05:00.000,02:05:30.000,1066,1067
192,NREM,30,02:05:30.000,02:06:00.000,1067,1068
193,NREM,30,02:06:00.000,02:06:30.000,1068,1069
194,NREM,30,02:06:30.000,02:07:00.000,1069,1070
195,NREM,30,02:07:00.000,02:07:30.000,1070,1071
196,NREM,30,02:07:30.000,02:08:00.000,1071,1072
197,REM,30,02:08:00.000,02:08:30.000,1072,1073
198,REM,30,02:08:30.000,02:09:00.000,1073,1074
199,REM,30,02:09:00.000,02:09:30.000,1074,1075
200,REM,30,02:09:30.000,02:10:00.000,1075,1076
201,REM,30,02:11:00.000,02:11:30.000,1078,1079
202,REM,30,02:11:30.000,02:12:00.000,1079,1080
203,REM,30,02:12:00.000,02:12:30.000,1080,1081
204,REM,30,02:12:30.000,02:13:00.000,1081,1082
205,REM,30,02:13:00.000,02:13:30.000,1082,1083
206,REM,30,02:13:30.000,02:14:00.000,1083,1084
207,REM,30,02:14:00.000,02:14:30.000,1084,1085
208,REM,30,02:14:30.000,02:15:00.000,1085,1086
209,REM,30,02:15:00.000,02:15:30.000,1086,1087
210,REM,30,02:15:30.000,02:16:00.000,1087,1088
211,NREM,30,02:16:30.000,02:17:00.000,1089,1090
212,NREM,30,02:17:00.000,02:17:30.000,1090,1091
213,NREM,30,02:17:30.000,02:18:00.000,1091,1092
214,NREM,30,02:18:00.000,02:18:30.000,1092,1093
215,NREM,30,02:18:30.000,02:19:00.000,1093,1094
216,NREM,30,02:19:00.000,02:19:30.000,1094,1095
217,NREM,30,02:19:30.000,02:20:00.000,1095,1096
218,NREM,30,02:20:00.000,02:20:30.000,1096,1097
219,NREM,30,02:20:30.000,02:21:00.000,1097,1098
220,NREM,30,02:21:00.000,02:21:30.000,1098,1099
221,NREM,30,02:21:30.000,02:22:00.000,1099,1100
222,NREM,30,02:22:00.000,02:22:30.000,1100,1101
223,NREM,30,02:22:30.000,02:23:00.000,1101,1102
224,NREM,30,02:23:00.000,02:23:30.000,1102,1103
225,NREM,30,02:23:30.000,02:24:00.000,1103,1104
226,NREM,30,02:24:00.000,02:24:30.000,1104,1105
227,NREM,30,02:24:30.000,02:25:00.000,1105,1106
228,NREM,30,02:25:00.000,02:25:30.000,1106,1107
229,NREM,30,02:25:30.000,02:26:00.000,1107,1108
230,NREM,30,02:26:00.000,02:26:30.000,1108,1109
231,NREM,30,02:26:30.000,02:27:00.000,1109,1110
232,NREM,30,02:27:00.000,02:27:30.000,1110,1111
233,NREM,30,02:27:30.000,02:28:00.000,1111,1112
234,NREM,30,02:28:00.000,02:28:30.000,1112,1113
235,NREM,30,02:28:30.000,02:29:00.000,1113,1114
236,NREM,30,02:29:00.000,02:29:30.000,1114,1115
237,NREM,30,02:29:30.000,02:30:00.000,1115,1116
238,NREM,30,02:30:00.000,02:30:30.000,1116,1117
239,NREM,30,02:30:30.000,02:31:00.000,1117,1118
240,NREM,30,02:31:00.000,02:31:30.000,1118,1119
241,NREM,30,02:31:30.000,02:32:00.000,1119,1120
242,NREM,30,02:32:00.000,02:32:30.000,1120,1121
243,NREM,30,02:32:30.000,02:33:00.000,1121,1122
244,NREM,30,02:33:00.000,02:33:30.000,1122,1123
245,NREM,30,02:33:30.000,02:34:00.000,1123,1124
246,REM,30,02:34:00.000,02:34:30.000,1124,1125
247,REM,30,02:34:30.000,02:35:00.000,1125,1126
248,REM,30,02:35:00.000,02:35:30.000,1126,1127
249,REM,30,02:35:30.000,02:36:00.000,1127,1128
250,REM,30,02:36:00.000,02:36:30.000,1128,1129
251,REM,30,02:36:30.000,02:37:00.000,1129,1130
252,REM,30,02:37:00.000,02:37:30.000,1130,1131
253,REM,30,02:37:30.000,02:38:00.000,1131,1132
254,REM,30,02:38:00.000,02:38:30.000,1132,1133
255,REM,30,02:38:30.000,02:39:00.000,1133,1134
256,REM,30,02:39:00.000,02:39:30.000,1134,1135
257,REM,30,02:39:30.000,02:40:00.000,1135,1136
258,REM,30,02:40:00.000,02:40:30.000,1136,1137
259,REM,30,02:40:30.000,02:41:00.000,1137,1138
260,REM,30,02:41:00.000,02:41:30.000,1138,1139
261,REM,30,02:41:30.000,02:42:00.000,1139,1140
262,REM,30,02:42:00.000,02:42:30.000,1140,1141
263,REM,30,02:42:30.000,02:43:00.000,1141,1142
264,REM,30,02:43:00.000,02:43:30.000,1142,1143
265,REM,30,02:43:30.000,02:44:00.000,1143,1144
266,REM,30,02:44:00.000,02:44:30.000,1144,1145
267,REM,30,02:44:30.000,02:45:00.000,1145,1146
268,REM,30,02:45:00.000,02:45:30.000,1146,1147
269,REM,30,02:45:30.000,02:46:00.000,1147,1148
270,REM,30,02:46:00.000,02:46:30.000,1148,1149
271,REM,30,02:46:30.000,02:47:00.000,1149,1150
272,REM,30,02:47:00.000,02:47:30.000,1150,1151
273,REM,30,02:47:30.000,02:48:00.000,1151,1152
274,REM,30,02:48:00.000,02:48:30.000,1152,1153
275,REM,30,02:48:30.000,02:49:00.000,1153,1154
276,REM,30,02:49:00.000,02:49:30.000,1154,1155
277,REM,30,02:49:30.000,02:50:00.000,1155,1156
278,REM,30,02:50:00.000,02:50:30.000,1156,1157
279,REM,30,02:50:30.000,02:51:00.000,1157,1158
280,REM,30,02:51:00.000,02:51:30.000,1158,1159
281,REM,30,02:51:30.000,02:52:00.000,1159,1160
282,REM,30,02:52:00.000,02:52:30.000,1160,1161
283,REM,30,02:52:30.000,02:53:00.000,1161,1162
284,REM,30,02:53:00.000,02:53:30.000,1162,1163
285,REM,30,02:53:30.000,02:54:00.000,1163,1164
286,REM,30,02:54:00.000,02:54:30.000,1164,1165
287,REM,30,02:54:30.000,02:55:00.000,1165,1166
288,REM,30,02:55:00.000,02:55:30.000,1166,1167
289,REM,30,02:55:30.000,02:56:00.000,1167,1168
290,REM,30,02:56:00.000,02:56:30.000,1168,1169
291,REM,30,02:57:00.000,02:57:30.000,1170,1171
292,REM,30,02:57:30.000,02:58:00.000,1171,1172
293,REM,30,02:58:00.000,02:58:30.000,1172,1173
294,NREM,30,02:58:30.000,02:59:00.000,1173,1174
295,NREM,30,02:59:00.000,02:59:30.000,1174,1175
296,NREM,30,02:59:30.000,03:00:00.000,1175,1176
297,NREM,30,03:00:00.000,03:00:30.000,1176,1177
298,NREM,30,03:00:30.000,03:01:00.000,1177,1178
299,NREM,30,03:01:00.000,03:01:30.000,1178,1179
300,NREM,30,03:01:30.000,03:02:00.000,1179,1180
301,NREM,30,03:02:30.000,03:03:00.000,1181,1182
302,NREM,30,03:03:00.000,03:03:30.000,1182,1183
303,NREM,30,03:03:30.000,03:04:00.000,1183,1184
304,NREM,30,03:04:00.000,03:04:30.000,1184,1185
305,NREM,30,03:04:30.000,03:05:00.000,1185,1186
306,NREM,30,03:05:00.000,03:05:30.000,1186,1187
307,NREM,30,03:05:30.000,03:06:00.000,1187,1188
308,NREM,30,03:06:00.000,03:06:30.000,1188,1189
309,NREM,30,03:06:30.000,03:07:00.000,1189,1190
310,NREM,30,03:07:00.000,03:07:30.000,1190,1191
311,NREM,30,03:07:30.000,03:08:00.000,1191,1192
312,NREM,30,03:08:00.000,03:08:30.000,1192,1193
313,NREM,30,03:08:30.000,03:09:00.000,1193,1194
314,NREM,30,03:09:00.000,03:09:30.000,1194,1195
315,NREM,30,03:09:30.000,03:10:00.000,1195,1196
316,NREM,30,03:10:00.000,03:10:30.000,1196,1197
317,NREM,30,03:10:30.000,03:11:00.000,1197,1198
318,NREM,30,03:11:00.000,03:11:30.000,1198,1199
319,NREM,30,03:11:30.000,03:12:00.000,1199,1200
320,NREM,30,03:12:00.000,03:12:30.000,1200,1201
321,NREM,30,03:12:30.000,03:13:00.000,1201,1202
322,NREM,30,03:13:00.000,03:13:30.000,1202,1203
323,NREM,30,03:13:30.000,03:14:00.000,1203,1204
324,NREM,30,03:14:00.000,03:14:30.000,1204,1205
325,NREM,30,03:14:30.000,03:15:00.000,1205,1206
326,NREM,30,03:15:00.000,03:15:30.000,1206,1207
327,NREM,30,03:15:30.000,03:16:00.000,1207,1208
328,NREM,30,03:16:00.000,03:16:30.000,1208,1209
329,NREM,30,03:16:30.000,03:17:00.000,1209,1210
330,NREM,30,03:17:00.000,03:17:30.000,1210,1211
331,NREM,30,03:17:30.000,03:18:00.000,1211,1212
332,NREM,30,03:18:00.000,03:18:30.000,1212,1213
333,NREM,30,03:18:30.000,03:19:00.000,1213,1214
334,NREM,30,03:19:00.000,03:19:30.000,1214,1215
335,NREM,30,03:19:30.000,03:20:00.000,1215,1216
336,NREM,30,03:20:00.000,03:20:30.000,1216,1217
337,NREM,30,03:20:30.000,03:21:00.000,1217,1218
338,NREM,30,03:21:00.000,03:21:30.000,1218,1219
339,NREM,30,03:21:30.000,03:22:00.000,1219,1220
340,NREM,30,03:22:00.000,03:22:30.000,1220,1221
341,NREM,30,03:22:30.000,03:23:00.000,1221,1222
342,NREM,30,03:23:00.000,03:23:30.000,1222,1223
343,NREM,30,03:23:30.000,03:24:00.000,1223,1224
344,NREM,30,03:24:00.000,03:24:30.000,1224,1225
345,NREM,30,03:24:30.000,03:25:00.000,1225,1226
346,NREM,30,03:25:00.000,03:25:30.000,1226,1227
347,NREM,30,03:25:30.000,03:26:00.000,1227,1228
348,NREM,30,03:26:00.000,03:26:30.000,1228,1229
349,NREM,30,03:26:30.000,03:27:00.000,1229,1230
350,NREM,30,03:27:00.000,03:27:30.000,1230,1231
351,NREM,30,03:27:30.000,03:28:00.000,1231,1232
352,NREM,30,03:28:00.000,03:28:30.000,1232,1233
353,NREM,30,03:28:30.000,03:29:00.000,1233,1234
354,NREM,30,03:29:00.000,03:29:30.000,1234,1235
355,NREM,30,03:29:30.000,03:30:00.000,1235,1236
356,NREM,30,03:30:00.000,03:30:30.000,1236,1237
357,NREM,30,03:30:30.000,03:31:00.000,1237,1238
358,NREM,30,03:31:00.000,03:31:30.000,1238,1239
359,NREM,30,03:31:30.000,03:32:00.000,1239,1240
360,NREM,30,03:32:00.000,03:32:30.000,1240,1241
361,NREM,30,03:32:30.000,03:33:00.000,1241,1242
362,NREM,30,03:33:00.000,03:33:30.000,1242,1243
363,NREM,30,03:33:30.000,03:34:00.000,1243,1244
364,NREM,30,03:34:00.000,03:34:30.000,1244,1245
365,NREM,30,03:34:30.000,03:35:00.000,1245,1246
366,NREM,30,03:35:00.000,03:35:30.000,1246,1247
367,NREM,30,03:35:30.000,03:36:00.000,1247,1248
368,NREM,30,03:36:00.000,03:36:30.000,1248,1249
369,NREM,30,03:36:30.000,03:37:00.000,1249,1250
370,NREM,30,03:37:00.000,03:37:30.000,1250,1251
371,NREM,30,03:37:30.000,03:38:00.000,1251,1252
372,NREM,30,03:38:00.000,03:38:30.000,1252,1253
373,NREM,30,03:38:30.000,03:39:00.000,1253,1254
374,NREM,30,03:39:00.000,03:39:30.000,1254,1255
375,NREM,30,03:39:30.000,03:40:00.000,1255,1256
376,NREM,30,03:40:00.000,03:40:30.000,1256,1257
377,NREM,30,03:40:30.000,03:41:00.000,1257,1258
378,NREM,30,03:41:00.000,03:41:30.000,1258,1259
379,NREM,30,03:41:30.000,03:42:00.000,1259,1260
380,NREM,30,03:42:00.000,03:42:30.000,1260,1261
381,NREM,30,03:42:30.000,03:43:00.000,1261,1262
382,NREM,30,03:43:00.000,03:43:30.000,1262,1263
383,NREM,30,03:43:30.000,03:44:00.000,1263,1264
384,NREM,30,03:44:00.000,03:44:30.000,1264,1265
385,NREM,30,03:44:30.000,03:45:00.000,1265,1266
386,NREM,30,03:45:00.000,03:45:30.000,1266,1267
387,NREM,30,03:45:30.000,03:46:00.000,1267,1268
388,NREM,30,03:46:00.000,03:46:30.000,1268,1269
389,NREM,30,03:46:30.000,03:47:00.000,1269,1270
390,NREM,30,03:47:00.000,03:47:30.000,1270,1271
391,NREM,30,03:47:30.000,03:48:00.000,1271,1272
392,NREM,30,03:48:00.000,03:48:30.000,1272,1273
393,NREM,30,03:48:30.000,03:49:00.000,1273,1274
394,NREM,30,03:49:00.000,03:49:30.000,1274,1275
395,NREM,30,03:49:30.000,03:50:00.000,1275,1276
396,NREM,30,03:50:00.000,03:50:30.000,1276,1277
397,NREM,30,03:50:30.000,03:51:00.000,1277,1278
398,NREM,30,03:51:00.000,03:51:30.000,1278,1279
399,NREM,30,03:51:30.000,03:52:00.000,1279,1280
400,NREM,30,03:52:00.000,03:52:30.000,1280,1281
401,NREM,30,03:52:30.000,03:53:00.000,1281,1282
402,NREM,30,03:53:00.000,03:53:30.000,1282,1283
403,NREM,30,03:53:30.000,03:54:00.000,1283,1284
404,NREM,30,03:54:00.000,03:54:30.000,1284,1285
405,NREM,30,03:54:30.000,03:55:00.000,1285,1286
406,NREM,30,03:55:00.000,03:55:30.000,1286,1287
407,NREM,30,03:55:30.000,03:56:00.000,1287,1288
408,NREM,30,03:56:00.000,03:56:30.000,1288,1289
409,NREM,30,03:56:30.000,03:57:00.000,1289,1290
410,NREM,30,03:57:00.000,03:57:30.000,1290,1291
411,NREM,30,03:57:30.000,03:58:00.000,1291,1292
412,NREM,30,03:58:00.000,03:58:30.000,1292,1293
413,NREM,30,03:59:00.000,03:59:30.000,1294,1295
414,NREM,30,03:59:30.000,04:00:00.000,1295,1296
415,NREM,30,04:00:00.000,04:00:30.000,1296,1297
416,NREM,30,04:00:30.000,04:01:00.000,1297,1298
417,NREM,30,04:01:00.000,04:01:30.000,1298,1299
418,NREM,30,04:01:30.000,04:02:00.000,1299,1300
419,NREM,30,04:02:00.000,04:02:30.000,1300,1301
420,NREM,30,04:02:30.000,04:03:00.000,1301,1302
421,NREM,30,04:03:00.000,04:03:30.000,1302,1303
422,NREM,30,04:03:30.000,04:04:00.000,1303,1304
423,NREM,30,04:04:00.000,04:04:30.000,1304,1305
424,NREM,30,04:04:30.000,04:05:00.000,1305,1306
425,NREM,30,04:05:00.000,04:05:30.000,1306,1307
426,NREM,30,04:05:30.000,04:06:00.000,1307,1308
427,NREM,30,04:06:00.000,04:06:30.000,1308,1309
428,NREM,30,04:06:30.000,04:07:00.000,1309,1310
429,NREM,30,04:07:30.000,04:08:00.000,1311,1312
430,REM,30,04:08:00.000,04:08:30.000,1312,1313
431,REM,30,04:08:30.000,04:09:00.000,1313,1314
432,REM,30,04:09:00.000,04:09:30.000,1314,1315
433,REM,30,04:09:30.000,04:10:00.000,1315,1316
434,NREM,30,04:10:30.000,04:11:00.000,1317,1318
435,NREM,30,04:11:00.000,04:11:30.000,1318,1319
436,REM,30,04:11:30.000,04:12:00.000,1319,1320
437,REM,30,04:12:00.000,04:12:30.000,1320,1321
438,REM,30,04:12:30.000,04:13:00.000,1321,1322
439,REM,30,04:13:00.000,04:13:30.000,1322,1323
440,REM,30,04:13:30.000,04:14:00.000,1323,1324
441,REM,30,04:14:00.000,04:14:30.000,1324,1325
442,REM,30,04:14:30.000,04:15:00.000,1325,1326
443,REM,30,04:15:00.000,04:15:30.000,1326,1327
444,REM,30,04:15:30.000,04:16:00.000,1327,1328
445,REM,30,04:16:00.000,04:16:30.000,1328,1329
446,REM,30,04:16:30.000,04:17:00.000,1329,1330
447,REM,30,04:17:00.000,04:17:30.000,1330,1331
448,REM,30,04:17:30.000,04:18:00.000,1331,1332
449,REM,30,04:18:00.000,04:18:30.000,1332,1333
450,REM,30,04:18:30.000,04:19:00.000,1333,1334
451,REM,30,04:19:00.000,04:19:30.000,1334,1335
452,REM,30,04:19:30.000,04:20:00.000,1335,1336
453,REM,30,04:20:00.000,04:20:30.000,1336,1337
454,REM,30,04:20:30.000,04:21:00.000,1337,1338
455,REM,30,04:21:00.000,04:21:30.000,1338,1339
456,REM,30,04:21:30.000,04:22:00.000,1339,1340
457,REM,30,04:22:00.000,04:22:30.000,1340,1341
458,REM,30,04:22:30.000,04:23:00.000,1341,1342
459,REM,30,04:23:00.000,04:23:30.000,1342,1343
460,REM,30,04:23:30.000,04:24:00.000,1343,1344
461,REM,30,04:24:00.000,04:24:30.000,1344,1345
462,REM,30,04:24:30.000,04:25:00.000,1345,1346
463,REM,30,04:25:00.000,04:25:30.000,1346,1347
464,REM,30,04:25:30.000,04:26:00.000,1347,1348
465,REM,30,04:26:00.000,04:26:30.000,1348,1349
466,REM,30,04:26:30.000,04:27:00.000,1349,1350
467,REM,30,04:27:00.000,04:27:30.000,1350,1351
468,REM,30,04:27:30.000,04:28:00.000,1351,1352
469,REM,30,04:28:00.000,04:28:30.000,1352,1353
470,REM,30,04:28:30.000,04:29:00.000,1353,1354
471,REM,30,04:29:00.000,04:29:30.000,1354,1355
472,REM,30,04:29:30.000,04:30:00.000,1355,1356
473,REM,30,04:30:00.000,04:30:30.000,1356,1357
474,REM,30,04:30:30.000,04:31:00.000,1357,1358
475,REM,30,04:31:00.000,04:31:30.000,1358,1359
476,REM,30,04:32:00.000,04:32:30.000,1360,1361
477,REM,30,04:32:30.000,04:33:00.000,1361,1362
478,REM,30,04:33:00.000,04:33:30.000,1362,1363
479,REM,30,04:33:30.000,04:34:00.000,1363,1364
480,REM,30,04:34:00.000,04:34:30.000,1364,1365
481,REM,30,04:34:30.000,04:35:00.000,1365,1366
482,REM,30,04:35:00.000,04:35:30.000,1366,1367
483,REM,30,04:35:30.000,04:36:00.000,1367,1368
484,REM,30,04:36:00.000,04:36:30.000,1368,1369
485,REM,30,04:36:30.000,04:37:00.000,1369,1370
486,REM,30,04:37:00.000,04:37:30.000,1370,1371
487,REM,30,04:37:30.000,04:38:00.000,1371,1372
488,REM,30,04:38:00.000,04:38:30.000,1372,1373
489,REM,30,04:38:30.000,04:39:00.000,1373,1374
490,REM,30,04:39:00.000,04:39:30.000,1374,1375
491,NREM,30,04:39:30.000,04:40:00.000,1375,1376
492,NREM,30,04:40:00.000,04:40:30.000,1376,1377
493,NREM,30,04:40:30.000,04:41:00.000,1377,1378
494,NREM,30,04:41:30.000,04:42:00.000,1379,1380
495,NREM,30,04:42:00.000,04:42:30.000,1380,1381
496,NREM,30,04:42:30.000,04:43:00.000,1381,1382
497,NREM,30,04:43:00.000,04:43:30.000,1382,1383
498,NREM,30,04:43:30.000,04:44:00.000,1383,1384
499,NREM,30,04:44:00.000,04:44:30.000,1384,1385
500,NREM,30,04:44:30.000,04:45:00.000,1385,1386
501,NREM,30,04:45:00.000,04:45:30.000,1386,1387
502,NREM,30,04:45:30.000,04:46:00.000,1387,1388
503,NREM,30,04:46:00.000,04:46:30.000,1388,1389
504,NREM,30,04:46:30.000,04:47:00.000,1389,1390
505,NREM,30,04:47:00.000,04:47:30.000,1390,1391
506,NREM,30,04:47:30.000,04:48:00.000,1391,1392
507,NREM,30,04:48:00.000,04:48:30.000,1392,1393
508,NREM,30,04:48:30.000,04:49:00.000,1393,1394
509,NREM,30,04:49:00.000,04:49:30.000,1394,1395
510,NREM,30,04:49:30.000,04:50:00.000,1395,1396
511,NREM,30,04:50:00.000,04:50:30.000,1396,1397
512,NREM,30,04:50:30.000,04:51:00.000,1397,1398
513,NREM,30,04:51:00.000,04:51:30.000,1398,1399
514,NREM,30,04:51:30.000,04:52:00.000,1399,1400
515,NREM,30,04:52:00.000,04:52:30.000,1400,1401
516,NREM,30,04:52:30.000,04:53:00.000,1401,1402
517,REM,30,04:53:00.000,04:53:30.000,1402,1403
518,NREM,30,04:54:00.000,04:54:30.000,1404,1405
519,NREM,30,04:54:30.000,04:55:00.000,1405,1406
520,NREM,30,04:55:00.000,04:55:30.000,1406,1407
521,NREM,30,04:55:30.000,04:56:00.000,1407,1408
522,NREM,30,04:56:00.000,04:56:30.000,1408,1409
523,NREM,30,04:56:30.000,04:57:00.000,1409,1410
524,NREM,30,04:57:00.000,04:57:30.000,1410,1411
525,NREM,30,04:57:30.000,04:58:00.000,1411,1412
526,NREM,30,04:58:00.000,04:58:30.000,1412,1413
527,NREM,30,04:58:30.000,04:59:00.000,1413,1414
528,NREM,30,04:59:00.000,04:59:30.000,1414,1415
529,NREM,30,04:59:30.000,05:00:00.000,1415,1416
530,NREM,30,05:00:00.000,05:00:30.000,1416,1417
531,NREM,30,05:00:30.000,05:01:00.000,1417,1418
532,NREM,30,05:01:00.000,05:01:30.000,1418,1419
533,NREM,30,05:01:30.000,05:02:00.000,1419,1420
534,NREM,30,05:02:00.000,05:02:30.000,1420,1421
535,NREM,30,05:02:30.000,05:03:00.000,1421,1422
536,NREM,30,05:03:00.000,05:03:30.000,1422,1423
537,NREM,30,05:03:30.000,05:04:00.000,1423,1424
538,NREM,30,05:04:00.000,05:04:30.000,1424,1425
539,NREM,30,05:04:30.000,05:05:00.000,1425,1426
540,NREM,30,05:05:00.000,05:05:30.000,1426,1427
541,NREM,30,05:05:30.000,05:06:00.000,1427,1428
542,NREM,30,05:06:00.000,05:06:30.000,1428,1429
543,NREM,30,05:06:30.000,05:07:00.000,1429,1430
544,NREM,30,05:07:00.000,05:07:30.000,1430,1431
545,NREM,30,05:07:30.000,05:08:00.000,1431,1432
546,NREM,30,05:08:00.000,05:08:30.000,1432,1433
547,NREM,30,05:08:30.000,05:09:00.000,1433,1434
548,NREM,30,05:09:00.000,05:09:30.000,1434,1435
549,NREM,30,05:09:30.000,05:10:00.000,1435,1436
550,NREM,30,05:10:00.000,05:10:30.000,1436,1437
551,NREM,30,05:10:30.000,05:11:00.000,1437,1438
552,NREM,30,05:11:00.000,05:11:30.000,1438,1439
553,NREM,30,05:11:30.000,05:12:00.000,1439,1440
554,NREM,30,05:12:00.000,05:12:30.000,1440,1441
555,NREM,30,05:12:30.000,05:13:00.000,1441,1442
556,NREM,30,05:13:00.000,05:13:30.000,1442,1443
557,NREM,30,05:13:30.000,05:14:00.000,1443,1444
558,NREM,30,05:14:00.000,05:14:30.000,1444,1445
559,NREM,30,05:14:30.000,05:15:00.000,1445,1446
560,NREM,30,05:15:00.000,05:15:30.000,1446,1447
561,NREM,30,05:15:30.000,05:16:00.000,1447,1448
562,NREM,30,05:16:00.000,05:16:30.000,1448,1449
563,NREM,30,05:16:30.000,05:17:00.000,1449,1450
564,NREM,30,05:17:00.000,05:17:30.000,1450,1451
565,NREM,30,05:17:30.000,05:18:00.000,1451,1452
566,NREM,30,05:18:00.000,05:18:30.000,1452,1453
567,NREM,30,05:18:30.000,05:19:00.000,1453,1454
568,NREM,30,05:19:00.000,05:19:30.000,1454,1455
569,NREM,30,05:19:30.000,05:20:00.000,1455,1456
570,NREM,30,05:20:00.000,05:20:30.000,1456,1457
571,NREM,30,05:20:30.000,05:21:00.000,1457,1458
572,NREM,30,05:21:00.000,05:21:30.000,1458,1459
573,NREM,30,05:21:30.000,05:22:00.000,1459,1460
574,NREM,30,05:22:00.000,05:22:30.000,1460,1461
575,NREM,30,05:22:30.000,05:23:00.000,1461,1462
576,NREM,30,05:23:00.000,05:23:30.000,1462,1463
577,NREM,30,05:23:30.000,05:24:00.000,1463,1464
578,NREM,30,05:24:00.000,05:24:30.000,1464,1465
579,NREM,30,05:24:30.000,05:25:00.000,1465,1466
580,NREM,30,05:25:00.000,05:25:30.000,1466,1467
581,NREM,30,05:25:30.000,05:26:00.000,1467,1468
582,NREM,30,05:26:00.000,05:26:30.000,1468,1469
583,NREM,30,05:26:30.000,05:27:00.000,1469,1470
584,NREM,30,05:27:00.000,05:27:30.000,1470,1471
585,NREM,30,05:27:30.000,05:28:00.000,1471,1472
586,NREM,30,05:28:00.000,05:28:30.000,1472,1473
587,NREM,30,05:28:30.000,05:29:00.000,1473,1474
588,NREM,30,05:29:00.000,05:29:30.000,1474,1475
589,NREM,30,05:29:30.000,05:30:00.000,1475,1476
590,NREM,30,05:30:00.000,05:30:30.000,1476,1477
591,NREM,30,05:30:30.000,05:31:00.000,1477,1478
592,NREM,30,05:31:00.000,05:31:30.000,1478,1479
593,NREM,30,05:31:30.000,05:32:00.000,1479,1480
594,NREM,30,05:34:00.000,05:34:30.000,1484,1485
595,NREM,30,05:34:30.000,05:35:00.000,1485,1486
596,NREM,30,05:35:00.000,05:35:30.000,1486,1487
597,NREM,30,05:35:30.000,05:36:00.000,1487,1488
598,NREM,30,05:36:00.000,05:36:30.000,1488,1489
599,NREM,30,05:36:30.000,05:37:00.000,1489,1490
600,NREM,30,05:37:00.000,05:37:30.000,1490,1491
601,NREM,30,05:37:30.000,05:38:00.000,1491,1492
602,NREM,30,05:38:00.000,05:38:30.000,1492,1493
603,NREM,30,05:38:30.000,05:39:00.000,1493,1494
604,NREM,30,05:39:00.000,05:39:30.000,1494,1495
605,NREM,30,05:39:30.000,05:40:00.000,1495,1496
606,NREM,30,05:40:00.000,05:40:30.000,1496,1497
607,NREM,30,05:40:30.000,05:41:00.000,1497,1498
608,NREM,30,05:41:00.000,05:41:30.000,1498,1499
609,NREM,30,05:41:30.000,05:42:00.000,1499,1500
610,NREM,30,05:42:00.000,05:42:30.000,1500,1501
611,NREM,30,05:42:30.000,05:43:00.000,1501,1502
612,NREM,30,05:43:00.000,05:43:30.000,1502,1503
613,NREM,30,05:43:30.000,05:44:00.000,1503,1504
614,NREM,30,05:44:00.000,05:44:30.000,1504,1505
615,NREM,30,05:44:30.000,05:45:00.000,1505,1506
616,NREM,30,05:45:00.000,05:45:30.000,1506,1507
617,NREM,30,05:45:30.000,05:46:00.000,1507,1508
618,NREM,30,05:46:00.000,05:46:30.000,1508,1509
619,NREM,30,05:46:30.000,05:47:00.000,1509,1510
620,NREM,30,05:47:00.000,05:47:30.000,1510,1511
621,NREM,30,05:47:30.000,05:48:00.000,1511,1512
622,NREM,30,05:48:00.000,05:48:30.000,1512,1513
623,NREM,30,05:48:30.000,05:49:00.000,1513,1514
624,NREM,30,05:49:00.000,05:49:30.000,1514,1515
625,NREM,30,05:49:30.000,05:50:00.000,1515,1516
626,NREM,30,05:50:00.000,05:50:30.000,1516,1517
627,NREM,30,05:50:30.000,05:51:00.000,1517,1518
628,NREM,30,05:51:00.000,05:51:30.000,1518,1519
629,NREM,30,05:51:30.000,05:52:00.000,1519,1520
630,NREM,30,05:52:00.000,05:52:30.000,1520,1521
631,NREM,30,05:52:30.000,05:53:00.000,1521,1522
632,NREM,30,05:53:00.000,05:53:30.000,1522,1523
633,NREM,30,05:53:30.000,05:54:00.000,1523,1524
634,REM,30,05:54:00.000,05:54:30.000,1524,1525
635,NREM,30,05:54:30.000,05:55:00.000,1525,1526
636,NREM,30,05:55:30.000,05:56:00.000,1527,1528
637,NREM,30,05:56:00.000,05:56:30.000,1528,1529
638,NREM,30,05:56:30.000,05:57:00.000,1529,1530
639,NREM,30,05:57:00.000,05:57:30.000,1530,1531
640,REM,30,05:57:30.000,05:58:00.000,1531,1532
641,REM,30,05:58:00.000,05:58:30.000,1532,1533
642,REM,30,05:58:30.000,05:59:00.000,1533,1534
643,REM,30,05:59:00.000,05:59:30.000,1534,1535
644,REM,30,05:59:30.000,06:00:00.000,1535,1536
645,REM,30,06:00:00.000,06:00:30.000,1536,1537
646,REM,30,06:00:30.000,06:01:00.000,1537,1538
647,REM,30,06:01:00.000,06:01:30.000,1538,1539
648,REM,30,06:01:30.000,06:02:00.000,1539,1540
649,REM,30,06:02:00.000,06:02:30.000,1540,1541
650,REM,30,06:02:30.000,06:03:00.000,1541,1542
651,REM,30,06:03:00.000,06:03:30.000,1542,1543
652,REM,30,06:03:30.000,06:04:00.000,1543,1544
653,REM,30,06:04:00.000,06:04:30.000,1544,1545
654,REM,30,06:04:30.000,06:05:00.000,1545,1546
655,REM,30,06:05:00.000,06:05:30.000,1546,1547
656,REM,30,06:05:30.000,06:06:00.000,1547,1548
657,REM,30,06:06:00.000,06:06:30.000,1548,1549
658,REM,30,06:06:30.000,06:07:00.000,1549,1550
659,REM,30,06:07:00.000,06:07:30.000,1550,1551
660,REM,30,06:07:30.000,06:08:00.000,1551,1552
661,REM,30,06:08:00.000,06:08:30.000,1552,1553
662,REM,30,06:08:30.000,06:09:00.000,1553,1554
663,REM,30,06:09:00.000,06:09:30.000,1554,1555
664,REM,30,06:09:30.000,06:10:00.000,1555,1556
665,REM,30,06:10:00.000,06:10:30.000,1556,1557
666,REM,30,06:10:30.000,06:11:00.000,1557,1558
667,REM,30,06:11:30.000,06:12:00.000,1559,1560
668,REM,30,06:12:00.000,06:12:30.000,1560,1561
669,REM,30,06:12:30.000,06:13:00.000,1561,1562
670,REM,30,06:13:00.000,06:13:30.000,1562,1563
671,REM,30,06:13:30.000,06:14:00.000,1563,1564
672,REM,30,06:14:00.000,06:14:30.000,1564,1565
673,REM,30,06:14:30.000,06:15:00.000,1565,1566
674,REM,30,06:15:00.000,06:15:30.000,1566,1567
675,REM,30,06:15:30.000,06:16:00.000,1567,1568
676,REM,30,06:16:00.000,06:16:30.000,1568,1569
677,REM,30,06:16:30.000,06:17:00.000,1569,1570
678,REM,30,06:17:30.000,06:18:00.000,1571,1572
679,REM,30,06:18:00.000,06:18:30.000,1572,1573
680,REM,30,06:18:30.000,06:19:00.000,1573,1574
681,REM,30,06:19:00.000,06:19:30.000,1574,1575
682,REM,30,06:19:30.000,06:20:00.000,1575,1576
683,REM,30,06:20:00.000,06:20:30.000,1576,1577
684,REM,30,06:20:30.000,06:21:00.000,1577,1578
685,REM,30,06:21:00.000,06:21:30.000,1578,1579
686,REM,30,06:21:30.000,06:22:00.000,1579,1580
687,REM,30,06:22:00.000,06:22:30.000,1580,1581
688,REM,30,06:22:30.000,06:23:00.000,1581,1582
689,REM,30,06:23:00.000,06:23:30.000,1582,1583
690,REM,30,06:23:30.000,06:24:00.000,1583,1584
691,REM,30,06:24:00.000,06:24:30.000,1584,1585
692,REM,30,06:24:30.000,06:25:00.000,1585,1586
693,REM,30,06:25:00.000,06:25:30.000,1586,1587
694,REM,30,06:25:30.000,06:26:00.000,1587,1588
695,REM,30,06:26:00.000,06:26:30.000,1588,1589
696,REM,30,06:26:30.000,06:27:00.000,1589,1590
697,REM,30,06:27:00.000,06:27:30.000,1590,1591
698,REM,30,06:27:30.000,06:28:00.000,1591,1592
699,REM,30,06:28:00.000,06:28:30.000,1592,1593
700,REM,30,06:28:30.000,06:29:00.000,1593,1594
701,REM,30,06:29:00.000,06:29:30.000,1594,1595
702,REM,30,06:29:30.000,06:30:00.000,1595,1596
703,REM,30,06:30:00.000,06:30:30.000,1596,1597
704,REM,30,06:30:30.000,06:31:00.000,1597,1598
705,NREM,30,06:31:30.000,06:32:00.000,1599,1600
706,NREM,30,06:32:00.000,06:32:30.000,1600,1601
707,REM,30,06:32:30.000,06:33:00.000,1601,1602
708,REM,30,06:33:00.000,06:33:30.000,1602,1603
709,REM,30,06:33:30.000,06:34:00.000,1603,1604
710,REM,30,06:34:00.000,06:34:30.000,1604,1605
711,REM,30,06:34:30.000,06:35:00.000,1605,1606
712,NREM,30,06:35:00.000,06:35:30.000,1606,1607
713,NREM,30,06:35:30.000,06:36:00.000,1607,1608
714,NREM,30,06:36:00.000,06:36:30.000,1608,1609
715,NREM,30,06:36:30.000,06:37:00.000,1609,1610
716,NREM,30,06:37:00.000,06:37:30.000,1610,1611
717,NREM,30,06:37:30.000,06:38:00.000,1611,1612
718,NREM,30,06:38:00.000,06:38:30.000,1612,1613
719,NREM,30,06:38:30.000,06:39:00.000,1613,1614
720,NREM,30,06:39:00.000,06:39:30.000,1614,1615
721,NREM,30,06:39:30.000,06:40:00.000,1615,1616
722,NREM,30,06:40:00.000,06:40:30.000,1616,1617
723,NREM,30,06:40:30.000,06:41:00.000,1617,1618
724,NREM,30,06:41:00.000,06:41:30.000,1618,1619
725,NREM,30,06:41:30.000,06:42:00.000,1619,1620
726,NREM,30,06:42:00.000,06:42:30.000,1620,1621
727,REM,30,06:42:30.000,06:43:00.000,1621,1622
728,NREM,30,06:43:30.000,06:44:00.000,1623,1624
729,NREM,30,06:44:00.000,06:44:30.000,1624,1625
730,NREM,30,06:44:30.000,06:45:00.000,1625,1626
731,NREM,30,06:45:00.000,06:45:30.000,1626,1627
732,NREM,30,06:45:30.000,06:46:00.000,1627,1628
733,NREM,30,06:46:00.000,06:46:30.000,1628,1629
734,NREM,30,06:46:30.000,06:47:00.000,1629,1630
735,REM,30,06:47:00.000,06:47:30.000,1630,1631
736,REM,30,06:47:30.000,06:48:00.000,1631,1632
737,REM,30,06:48:00.000,06:48:30.000,1632,1633
738,REM,30,06:48:30.000,06:49:00.000,1633,1634
739,REM,30,06:49:30.000,06:50:00.000,1635,1636
740,REM,30,06:50:00.000,06:50:30.000,1636,1637
741,REM,30,06:50:30.000,06:51:00.000,1637,1638
742,REM,30,06:51:00.000,06:51:30.000,1638,1639
743,REM,30,06:51:30.000,06:52:00.000,1639,1640
744,REM,30,06:52:00.000,06:52:30.000,1640,1641
745,REM,30,06:52:30.000,06:53:00.000,1641,1642
746,NREM,30,06:53:00.000,06:53:30.000,1642,1643
747,NREM,30,06:53:30.000,06:54:00.000,1643,1644
748,NREM,30,06:54:00.000,06:54:30.000,1644,1645
749,NREM,30,06:54:30.000,06:55:00.000,1645,1646
750,NREM,30,06:55:00.000,06:55:30.000,1646,1647
751,NREM,30,06:55:30.000,06:56:00.000,1647,1648
752,NREM,30,06:56:00.000,06:56:30.000,1648,1649
753,NREM,30,06:56:30.000,06:57:00.000,1649,1650
754,NREM,30,06:57:00.000,06:57:30.000,1650,1651
755,NREM,30,06:57:30.000,06:58:00.000,1651,1652
756,NREM,30,06:58:00.000,06:58:30.000,1652,1653
757,NREM,30,06:58:30.000,06:59:00.000,1653,1654
758,NREM,30,06:59:00.000,06:59:30.000,1654,1655
759,NREM,30,06:59:30.000,07:00:00.000,1655,1656
760,NREM,30,07:00:00.000,07:00:30.000,1656,1657
761,NREM,30,07:00:30.000,07:01:00.000,1657,1658
762,NREM,30,07:01:00.000,07:01:30.000,1658,1659
763,NREM,30,07:01:30.000,07:02:00.000,1659,1660
764,NREM,30,07:02:00.000,07:02:30.000,1660,1661
765,NREM,30,07:02:30.000,07:03:00.000,1661,1662
766,NREM,30,07:03:00.000,07:03:30.000,1662,1663
767,NREM,30,07:03:30.000,07:04:00.000,1663,1664
768,NREM,30,07:04:00.000,07:04:30.000,1664,1665
769,NREM,30,07:04:30.000,07:05:00.000,1665,1666
770,NREM,30,07:05:00.000,07:05:30.000,1666,1667
771,NREM,30,07:05:30.000,07:06:00.000,1667,1668
772,NREM,30,07:06:00.000,07:06:30.000,1668,1669
773,NREM,30,07:06:30.000,07:07:00.000,1669,1670
774,NREM,30,07:07:00.000,07:07:30.000,1670,1671
775,NREM,30,07:07:30.000,07:08:00.000,1671,1672
776,NREM,30,07:08:00.000,07:08:30.000,1672,1673
777,NREM,30,07:08:30.000,07:09:00.000,1673,1674
778,NREM,30,07:09:00.000,07:09:30.000,1674,1675
779,NREM,30,07:09:30.000,07:10:00.000,1675,1676
780,NREM,30,07:10:00.000,07:10:30.000,1676,1677
781,NREM,30,07:10:30.000,07:11:00.000,1677,1678
782,NREM,30,07:11:00.000,07:11:30.000,1678,1679
783,NREM,30,07:11:30.000,07:12:00.000,1679,1680
784,NREM,30,07:12:00.000,07:12:30.000,1680,1681
785,NREM,30,07:12:30.000,07:13:00.000,1681,1682
786,NREM,30,07:13:00.000,07:13:30.000,1682,1683
787,NREM,30,07:13:30.000,07:14:00.000,1683,1684
788,NREM,30,07:14:00.000,07:14:30.000,1684,1685
789,NREM,30,07:14:30.000,07:15:00.000,1685,1686
790,NREM,30,07:15:00.000,07:15:30.000,1686,1687
791,NREM,30,07:15:30.000,07:16:00.000,1687,1688
792,NREM,30,07:16:00.000,07:16:30.000,1688,1689
793,NREM,30,07:16:30.000,07:17:00.000,1689,1690
794,NREM,30,07:17:00.000,07:17:30.000,1690,1691
795,NREM,30,07:17:30.000,07:18:00.000,1691,1692
796,NREM,30,07:18:00.000,07:18:30.000,1692,1693
797,NREM,30,07:18:30.000,07:19:00.000,1693,1694
798,NREM,30,07:19:00.000,07:19:30.000,1694,1695
799,NREM,30,07:19:30.000,07:20:00.000,1695,1696
800,NREM,30,07:20:00.000,07:20:30.000,1696,1697
801,NREM,30,07:20:30.000,07:21:00.000,1697,1698
802,NREM,30,07:21:00.000,07:21:30.000,1698,1699
803,NREM,30,07:21:30.000,07:22:00.000,1699,1700
804,NREM,30,07:22:00.000,07:22:30.000,1700,1701
805,NREM,30,07:22:30.000,07:23:00.000,1701,1702
806,NREM,30,07:23:00.000,07:23:30.000,1702,1703
807,NREM,30,07:23:30.000,07:24:00.000,1703,1704
808,NREM,30,07:24:00.000,07:24:30.000,1704,1705
809,NREM,30,07:24:30.000,07:25:00.000,1705,1706
810,NREM,30,07:25:00.000,07:25:30.000,1706,1707
811,NREM,30,07:25:30.000,07:26:00.000,1707,1708
812,NREM,30,07:26:00.000,07:26:30.000,1708,1709
813,NREM,30,07:26:30.000,07:27:00.000,1709,1710
814,NREM,30,07:27:00.000,07:27:30.000,1710,1711
815,NREM,30,07:27:30.000,07:28:00.000,1711,1712
816,NREM,30,07:28:00.000,07:28:30.000,1712,1713
817,NREM,30,07:28:30.000,07:29:00.000,1713,1714
818,NREM,30,07:29:00.000,07:29:30.000,1714,1715
819,NREM,30,07:29:30.000,07:30:00.000,1715,1716
820,NREM,30,07:30:00.000,07:30:30.000,1716,1717
821,NREM,30,07:30:30.000,07:31:00.000,1717,1718
822,NREM,30,07:31:00.000,07:31:30.000,1718,1719
823,NREM,30,07:31:30.000,07:32:00.000,1719,1720
824,NREM,30,07:32:00.000,07:32:30.000,1720,1721
825,NREM,30,07:32:30.000,07:33:00.000,1721,1722
826,NREM,30,07:33:00.000,07:33:30.000,1722,1723
827,NREM,30,07:33:30.000,07:34:00.000,1723,1724
828,NREM,30,07:35:00.000,07:35:30.000,1726,1727
829,NREM,30,07:35:30.000,07:36:00.000,1727,1728
830,NREM,30,07:36:00.000,07:36:30.000,1728,1729
831,NREM,30,07:36:30.000,07:37:00.000,1729,1730
832,NREM,30,07:37:00.000,07:37:30.000,1730,1731
833,NREM,30,07:38:00.000,07:38:30.000,1732,1733
834,NREM,30,07:38:30.000,07:39:00.000,1733,1734
835,NREM,30,07:39:00.000,07:39:30.000,1734,1735
836,NREM,30,07:39:30.000,07:40:00.000,1735,1736
837,NREM,30,07:40:00.000,07:40:30.000,1736,1737
838,NREM,30,07:40:30.000,07:41:00.000,1737,1738
839,NREM,30,07:41:00.000,07:41:30.000,1738,1739
840,NREM,30,07:41:30.000,07:42:00.000,1739,1740
841,NREM,30,07:42:00.000,07:42:30.000,1740,1741
842,NREM,30,07:42:30.000,07:43:00.000,1741,1742
843,NREM,30,07:43:00.000,07:43:30.000,1742,1743
844,NREM,30,07:43:30.000,07:44:00.000,1743,1744
845,NREM,30,07:44:00.000,07:44:30.000,1744,1745
846,NREM,30,07:44:30.000,07:45:00.000,1745,1746
847,NREM,30,07:45:00.000,07:45:30.000,1746,1747
848,NREM,30,07:45:30.000,07:46:00.000,1747,1748
849,NREM,30,07:46:00.000,07:46:30.000,1748,1749
850,NREM,30,07:46:30.000,07:47:00.000,1749,1750
851,NREM,30,07:47:00.000,07:47:30.000,1750,1751
852,NREM,30,07:47:30.000,07:48:00.000,1751,1752
853,REM,30,07:48:00.000,07:48:30.000,1752,1753
854,REM,30,07:48:30.000,07:49:00.000,1753,1754
855,REM,30,07:49:00.000,07:49:30.000,1754,1755
856,REM,30,07:49:30.000,07:50:00.000,1755,1756
857,REM,30,07:50:00.000,07:50:30.000,1756,1757
858,REM,30,07:50:30.000,07:51:00.000,1757,1758
859,REM,30,07:51:00.000,07:51:30.000,1758,1759
860,REM,30,07:51:30.000,07:52:00.000,1759,1760
861,REM,30,07:52:00.000,07:52:30.000,1760,1761
862,REM,30,07:52:30.000,07:53:00.000,1761,1762
863,REM,30,07:53:00.000,07:53:30.000,1762,1763
864,REM,30,07:53:30.000,07:54:00.000,1763,1764
865,REM,30,07:54:00.000,07:54:30.000,1764,1765
866,REM,30,07:54:30.000,07:55:00.000,1765,1766
867,REM,30,07:55:00.000,07:55:30.000,1766,1767
868,REM,30,07:55:30.000,07:56:00.000,1767,1768
869,REM,30,07:56:00.000,07:56:30.000,1768,1769
870,REM,30,07:56:30.000,07:57:00.000,1769,1770
871,REM,30,07:57:00.000,07:57:30.000,1770,1771
872,REM,30,07:57:30.000,07:58:00.000,1771,1772
873,REM,30,07:58:00.000,07:58:30.000,1772,1773
874,REM,30,07:58:30.000,07:59:00.000,1773,1774
875,REM,30,07:59:00.000,07:59:30.000,1774,1775
876,REM,30,07:59:30.000,08:00:00.000,1775,1776
877,REM,30,08:00:00.000,08:00:30.000,1776,1777
878,REM,30,08:00:30.000,08:01:00.000,1777,1778
879,REM,30,08:01:00.000,08:01:30.000,1778,1779
880,REM,30,08:01:30.000,08:02:00.000,1779,1780
881,REM,30,08:02:00.000,08:02:30.000,1780,1781
882,REM,30,08:02:30.000,08:03:00.000,1781,1782
883,REM,30,08:03:00.000,08:03:30.000,1782,1783
884,REM,30,08:03:30.000,08:04:00.000,1783,1784
885,REM,30,08:04:00.000,08:04:30.000,1784,1785
886,REM,30,08:04:30.000,08:05:00.000,1785,1786
887,REM,30,08:05:00.000,08:05:30.000,1786,1787
888,REM,30,08:05:30.000,08:06:00.000,1787,1788
889,REM,30,08:06:00.000,08:06:30.000,1788,1789
890,REM,30,08:06:30.000,08:07:00.000,1789,1790
891,REM,30,08:07:00.000,08:07:30.000,1790,1791
892,REM,30,08:08:00.000,08:08:30.000,1792,1793
893,REM,30,08:08:30.000,08:09:00.000,1793,1794
894,REM,30,08:09:00.000,08:09:30.000,1794,1795
895,REM,30,08:09:30.000,08:10:00.000,1795,1796
896,REM,30,08:10:00.000,08:10:30.000,1796,1797
897,REM,30,08:10:30.000,08:11:00.000,1797,1798
898,REM,30,08:11:00.000,08:11:30.000,1798,1799
899,REM,30,08:11:30.000,08:12:00.000,1799,1800
900,REM,30,08:12:00.000,08:12:30.000,1800,1801
901,REM,30,08:12:30.000,08:13:00.000,1801,1802
902,REM,30,08:13:00.000,08:13:30.000,1802,1803
903,REM,30,08:13:30.000,08:14:00.000,1803,1804
904,REM,30,08:14:00.000,08:14:30.000,1804,1805
905,REM,30,08:14:30.000,08:15:00.000,1805,1806
906,REM,30,08:15:00.000,08:15:30.000,1806,1807
907,NREM,30,08:15:30.000,08:16:00.000,1807,1808
908,REM,30,08:16:00.000,08:16:30.000,1808,1809
909,REM,30,08:16:30.000,08:17:00.000,1809,1810
910,REM,30,08:17:00.000,08:17:30.000,1810,1811
911,REM,30,08:17:30.000,08:18:00.000,1811,1812
912,REM,30,08:18:00.000,08:18:30.000,1812,1813
913,REM,30,08:18:30.000,08:19:00.000,1813,1814
914,REM,30,08:19:00.000,08:19:30.000,1814,1815
915,REM,30,08:19:30.000,08:20:00.000,1815,1816
916,NREM,30,08:20:00.000,08:20:30.000,1816,1817
917,REM,30,08:20:30.000,08:21:00.000,1817,1818
918,REM,30,08:21:00.000,08:21:30.000,1818,1819
919,REM,30,08:21:30.000,08:22:00.000,1819,1820
920,REM,30,08:22:00.000,08:22:30.000,1820,1821
921,REM,30,08:22:30.000,08:23:00.000,1821,1822
922,REM,30,08:23:30.000,08:24:00.000,1823,1824
923,REM,30,08:24:00.000,08:24:30.000,1824,1825
924,REM,30,08:24:30.000,08:25:00.000,1825,1826
925,REM,30,08:25:00.000,08:25:30.000,1826,1827
926,REM,30,08:25:30.000,08:26:00.000,1827,1828
927,REM,30,08:26:00.000,08:26:30.000,1828,1829
928,REM,30,08:26:30.000,08:27:00.000,1829,1830
929,REM,30,08:27:00.000,08:27:30.000,1830,1831
930,NREM,30,08:28:00.000,08:28:30.000,1832,1833
931,NREM,30,08:28:30.000,08:29:00.000,1833,1834
932,NREM,30,08:29:00.000,08:29:30.000,1834,1835
933,NREM,30,08:29:30.000,08:30:00.000,1835,1836
934,NREM,30,08:30:00.000,08:30:30.000,1836,1837
935,NREM,30,08:30:30.000,08:31:00.000,1837,1838
936,NREM,30,08:31:30.000,08:32:00.000,1839,1840
937,NREM,30,08:32:00.000,08:32:30.000,1840,1841
938,NREM,30,08:32:30.000,08:33:00.000,1841,1842
939,NREM,30,08:33:00.000,08:33:30.000,1842,1843
940,NREM,30,08:33:30.000,08:34:00.000,1843,1844
941,NREM,30,08:34:00.000,08:34:30.000,1844,1845
942,NREM,30,08:34:30.000,08:35:00.000,1845,1846
943,NREM,30,08:35:00.000,08:35:30.000,1846,1847
944,NREM,30,08:35:30.000,08:36:00.000,1847,1848
945,NREM,30,08:36:00.000,08:36:30.000,1848,1849
946,NREM,30,08:36:30.000,08:37:00.000,1849,1850
947,NREM,30,08:37:00.000,08:37:30.000,1850,1851
948,NREM,30,08:37:30.000,08:38:00.000,1851,1852
949,NREM,30,08:38:00.000,08:38:30.000,1852,1853
950,NREM,30,08:38:30.000,08:39:00.000,1853,1854
951,NREM,30,08:39:00.000,08:39:30.000,1854,1855
952,NREM,30,08:39:30.000,08:40:00.000,1855,1856
953,NREM,30,08:41:00.000,08:41:30.000,1858,1859
954,NREM,30,08:41:30.000,08:42:00.000,1859,1860
955,NREM,30,08:42:00.000,08:42:30.000,1860,1861
956,NREM,30,08:42:30.000,08:43:00.000,1861,1862
957,NREM,30,08:43:00.000,08:43:30.000,1862,1863
958,NREM,30,08:43:30.000,08:44:00.000,1863,1864
959,NREM,30,08:44:00.000,08:44:30.000,1864,1865
960,NREM,30,08:44:30.000,08:45:00.000,1865,1866
961,NREM,30,08:45:00.000,08:45:30.000,1866,1867
962,NREM,30,08:46:30.000,08:47:00.000,1869,1870
963,NREM,30,08:47:00.000,08:47:30.000,1870,1871
964,NREM,30,08:47:30.000,08:48:00.000,1871,1872
965,NREM,30,08:48:00.000,08:48:30.000,1872,1873
966,NREM,30,08:48:30.000,08:49:00.000,1873,1874
967,NREM,30,08:49:00.000,08:49:30.000,1874,1875
968,NREM,30,08:49:30.000,08:50:00.000,1875,1876
969,NREM,30,08:50:00.000,08:50:30.000,1876,1877
970,NREM,30,08:50:30.000,08:51:00.000,1877,1878
971,NREM,30,08:51:00.000,08:51:30.000,1878,1879
972,NREM,30,08:51:30.000,08:52:00.000,1879,1880
973,NREM,30,08:52:00.000,08:52:30.000,1880,1881
974,NREM,30,08:52:30.000,08:53:00.000,1881,1882
975,NREM,30,08:53:00.000,08:53:30.000,1882,1883
976,NREM,30,08:53:30.000,08:54:00.000,1883,1884
977,NREM,30,08:54:00.000,08:54:30.000,1884,1885
978,NREM,30,08:54:30.000,08:55:00.000,1885,1886
979,NREM,30,08:55:00.000,08:55:30.000,1886,1887
980,NREM,30,08:55:30.000,08:56:00.000,1887,1888
981,NREM,30,08:56:00.000,08:56:30.000,1888,1889
982,NREM,30,08:56:30.000,08:57:00.000,1889,1890
983,NREM,30,08:57:00.000,08:57:30.000,1890,1891
984,NREM,30,08:57:30.000,08:58:00.000,1891,1892
985,NREM,30,08:58:00.000,08:58:30.000,1892,1893
986,NREM,30,08:58:30.000,08:59:00.000,1893,1894
987,NREM,30,08:59:00.000,08:59:30.000,1894,1895
988,NREM,30,08:59:30.000,09:00:00.000,1895,1896
989,NREM,30,09:00:00.000,09:00:30.000,1896,1897
990,NREM,30,09:00:30.000,09:01:00.000,1897,1898
991,NREM,30,09:01:00.000,09:01:30.000,1898,1899
992,NREM,30,09:01:30.000,09:02:00.000,1899,1900
993,NREM,30,09:02:00.000,09:02:30.000,1900,1901
994,NREM,30,09:02:30.000,09:03:00.000,1901,1902
995,NREM,30,09:03:00.000,09:03:30.000,1902,1903
996,NREM,30,09:03:30.000,09:04:00.000,1903,1904
997,NREM,30,09:04:00.000,09:04:30.000,1904,1905
998,NREM,30,09:04:30.000,09:05:00.000,1905,1906
999,NREM,30,09:05:00.000,09:05:30.000,1906,1907
1000,NREM,30,09:05:30.000,09:06:00.000,1907,1908
1001,NREM,30,09:06:00.000,09:06:30.000,1908,1909
