Event,Duration,Start Time,End Time,Start Epoch,End Epoch,
N1,30,03:00.0,03:30.0,822,823,
LM,1.17,03:25.9,03:27.1,822,822,
N1,30,03:30.0,04:00.0,823,824,
Wake,30,04:00.0,04:30.0,824,825,
Desat,38.333,04:27.9,05:06.2,824,826,
N1,30,04:30.0,05:00.0,825,826,
N2,30,05:00.0,05:30.0,826,827,
LM,1.215,05:24.2,05:25.4,826,826,
PLM,286.463,05:24.2,10:10.6,826,836,
Movement,1.35,05:24.3,05:25.7,826,826,
N2,30,05:30.0,06:00.0,827,828,
N2,30,06:00.0,06:30.0,828,829,
LM,0.618,06:05.0,06:05.6,828,828,
N2,30,06:30.0,07:00.0,829,830,
LM,1.441,06:46.0,06:47.4,829,829,
REM,30,07:00.0,07:30.0,830,831,
LM,1.32,07:24.1,07:25.4,830,830,
REM,30,07:30.0,08:00.0,831,832,
Movement,2,07:53.8,07:55.8,831,831,
LM,1.775,07:54.4,07:56.2,831,831,
LM,1.615,07:54.7,07:56.3,831,831,
REM,30,08:00.0,08:30.0,832,833,
Movement,1.6,08:26.3,08:27.9,832,832,
LM,0.965,08:26.7,08:27.7,832,832,
LM,1.23,08:26.9,08:28.1,832,832,
REM,30,08:30.0,09:00.0,833,834,
REM,30,09:00.0,09:30.0,834,835,
LM,1.99,09:15.4,09:17.4,834,834,
Movement,3.3,09:16.2,09:19.5,834,834,
REM,30,09:30.0,10:00.0,835,836,
N2,30,10:00.0,10:30.0,836,837,
LM,1.02,10:08.5,10:09.5,836,836,
LM,1.64,10:09.0,10:10.6,836,836,
Movement,1.15,10:09.7,10:10.8,836,836,
N2,30,10:30.0,11:00.0,837,838,
N2,30,11:00.0,11:30.0,838,839,
N2,30,11:30.0,12:00.0,839,840,
N2,30,12:00.0,12:30.0,840,841,
N2,30,12:30.0,13:00.0,841,842,
LM,2.06,12:41.0,12:43.0,841,841,
Movement,1.7,12:41.2,12:42.9,841,841,
REM,30,13:00.0,13:30.0,842,843,
Snore Train,40.49,13:28.1,14:08.6,842,844,
Wake,30,13:30.0,14:00.0,843,844,
LM,1.51,13:44.1,13:45.6,843,843,
LM,1.03,13:44.7,13:45.7,843,843,
Movement,27.348,13:49.8,14:17.2,843,844,
Wake,30,14:00.0,14:30.0,844,845,
LM,1.385,14:15.2,14:16.5,844,844,
LM,0.895,14:16.0,14:16.9,844,844,
Wake,30,14:30.0,15:00.0,845,846,
LM,3.09,14:48.3,14:51.4,845,845,
Movement,30.848,14:49.0,15:19.9,845,846,
LM,0.65,14:50.6,14:51.3,845,845,
Wake,30,15:00.0,15:30.0,846,847,
LM,0.5,15:11.6,15:12.1,846,846,
Wake,30,15:30.0,16:00.0,847,848,
Wake,30,16:00.0,16:30.0,848,849,
N1,30,16:30.0,17:00.0,849,850,
LM,1.098,16:40.5,16:41.6,849,849,
Movement,8.55,16:41.3,16:49.8,849,849,
LM,0.685,16:49.6,16:50.3,849,849,
Desat,44.666,16:52.2,17:36.9,849,851,
N2,30,17:00.0,17:30.0,850,851,
N2,30,17:30.0,18:00.0,851,852,
N2,30,18:00.0,18:30.0,852,853,
LM,0.55,18:14.3,18:14.8,852,852,
Movement,27.148,18:14.5,18:41.6,852,853,
N2,30,18:30.0,19:00.0,853,854,
LM,2.333,18:37.0,18:39.4,853,853,
Desat,32.333,18:44.5,19:16.9,853,854,
N2,30,19:00.0,19:30.0,854,855,
N2,30,19:30.0,20:00.0,855,856,
Movement,1.249,19:42.1,19:43.3,855,855,
LM,1.019,19:42.1,19:43.1,855,855,
Desat,33.333,19:59.2,20:32.5,855,857,
N2,30,20:00.0,20:30.0,856,857,
N2,30,20:30.0,21:00.0,857,858,
N2,30,21:00.0,21:30.0,858,859,
N2,30,21:30.0,22:00.0,859,860,
LM,1.214,21:39.4,21:40.6,859,859,
N2,30,22:00.0,22:30.0,860,861,
N2,30,22:30.0,23:00.0,861,862,
LM,0.73,22:42.0,22:42.7,861,861,
LM,0.54,22:42.2,22:42.8,861,861,
N3,30,23:00.0,23:30.0,862,863,
N3,30,23:30.0,24:00.0,863,864,
N3,30,24:00.0,24:30.0,864,865,
LM,1.02,24:12.6,24:13.6,864,864,
N3,30,24:30.0,25:00.0,865,866,
N3,30,25:00.0,25:30.0,866,867,
LM,0.975,25:17.7,25:18.7,866,866,
N3,30,25:30.0,26:00.0,867,868,
N3,30,26:00.0,26:30.0,868,869,
LM,0.5,26:06.9,26:07.4,868,868,
Movement,353.829,26:07.1,32:01.0,868,880,
Wake,30,26:30.0,27:00.0,869,870,
LM,2.59,26:35.2,26:37.8,869,869,
LM,0.559,26:39.5,26:40.0,869,869,
LM,7.535,26:44.0,26:51.6,869,869,
Snore Train,14.49,26:45.1,26:59.6,869,869,
LM,2.135,26:52.2,26:54.3,869,869,
LM,9.23,26:57.7,27:07.0,869,870,
Wake,30,27:00.0,27:30.0,870,871,
LM,2.07,27:09.5,27:11.5,870,870,
Wake,30,27:30.0,28:00.0,871,872,
Snore Train,11.84,27:44.1,27:55.9,871,871,
Wake,30,28:00.0,28:30.0,872,873,
Snore Train,12.27,28:11.2,28:23.5,872,872,
Wake,30,28:30.0,29:00.0,873,874,
Snore Train,15.11,28:49.2,29:04.3,873,874,
Wake,30,29:00.0,29:30.0,874,875,
LM,3.15,29:00.3,29:03.5,874,874,
LM,1.35,29:04.5,29:05.9,874,874,
LM,2.18,29:20.7,29:22.9,874,874,
LM,1.22,29:20.8,29:22.0,874,874,
Wake,30,29:30.0,30:00.0,875,876,
LM,0.875,29:38.8,29:39.7,875,875,
Snore Train,11.61,29:49.6,30:01.2,875,876,
Wake,30,30:00.0,30:30.0,876,877,
LM,1.21,30:23.9,30:25.1,876,876,
Wake,30,30:30.0,31:00.0,877,878,
Artifact,2.667,30:36.2,30:38.8,877,877,
Wake,30,31:00.0,31:30.0,878,879,
LM,3.82,31:29.0,31:32.8,878,879,
Wake,30,31:30.0,32:00.0,879,880,
LM,0.619,31:40.0,31:40.6,879,879,
LM,1.85,31:40.2,31:42.0,879,879,
LM,2.914,31:54.9,31:57.8,879,879,
LM,0.95,31:55.0,31:55.9,879,879,
LM,0.865,31:58.6,31:59.5,879,879,
Wake,30,32:00.0,32:30.0,880,881,
LM,0.89,32:01.2,32:02.1,880,880,
LM,1.55,32:07.3,32:08.9,880,880,
Wake,30,32:30.0,33:00.0,881,882,
Wake,30,33:00.0,33:30.0,882,883,
LM,0.8,33:15.6,33:16.4,882,882,
LM,3.604,33:17.4,33:21.0,882,882,
Wake,30,33:30.0,34:00.0,883,884,
Wake,30,34:00.0,34:30.0,884,885,
LM,0.6,34:02.0,34:02.6,884,884,
LM,0.715,34:02.0,34:02.7,884,884,
LM,1.535,34:03.9,34:05.5,884,884,
LM,2.8,34:06.6,34:09.4,884,884,
LM,1.024,34:10.0,34:11.0,884,884,
LM,1.79,34:20.5,34:22.3,884,884,
LM,3.755,34:21.2,34:25.0,884,884,
LM,2.545,34:24.2,34:26.7,884,884,
LM,0.804,34:26.3,34:27.1,884,884,
Wake,30,34:30.0,35:00.0,885,886,
LM,0.87,34:50.9,34:51.8,885,885,
Movement,115.943,34:59.5,36:55.4,885,889,
Wake,30,35:00.0,35:30.0,886,887,
Wake,30,35:30.0,36:00.0,887,888,
Snore Train,18.27,35:37.8,35:56.0,887,887,
Wake,30,36:00.0,36:30.0,888,889,
LM,1.975,36:11.8,36:13.8,888,888,
LM,0.52,36:15.0,36:15.5,888,888,
LM,0.855,36:16.7,36:17.5,888,888,
Wake,30,36:30.0,37:00.0,889,890,
LM,0.635,36:55.0,36:55.7,889,889,
LM,0.619,36:57.0,36:57.6,889,889,
Wake,30,37:00.0,37:30.0,890,891,
LM,1.705,37:00.4,37:02.1,890,890,
LM,0.57,37:22.7,37:23.2,890,890,
Wake,30,37:30.0,38:00.0,891,892,
LM,1.195,37:33.1,37:34.2,891,891,
LM,0.825,37:35.5,37:36.3,891,891,
LM,0.93,37:35.8,37:36.7,891,891,
Movement,17.499,37:35.8,37:53.3,891,891,
Wake,30,38:00.0,38:30.0,892,893,
Wake,30,38:30.0,39:00.0,893,894,
Wake,30,39:00.0,39:30.0,894,895,
Movement,18.999,39:01.7,39:20.7,894,894,
LM,0.72,39:18.8,39:19.5,894,894,
LM,6.379,39:23.8,39:30.2,894,895,
Wake,30,39:30.0,40:00.0,895,896,
LM,2.82,39:31.5,39:34.3,895,895,
Wake,30,40:00.0,40:30.0,896,897,
Wake,30,40:30.0,41:00.0,897,898,
LM,1.195,40:37.9,40:39.1,897,897,
LM,1.064,40:49.7,40:50.8,897,897,
Wake,30,41:00.0,41:30.0,898,899,
LM,1.835,41:07.6,41:09.5,898,898,
LM,0.5,41:12.0,41:12.5,898,898,
LM,2.03,41:13.6,41:15.6,898,898,
LM,0.61,41:16.8,41:17.4,898,898,
Wake,30,41:30.0,42:00.0,899,900,
Movement,17.449,41:38.0,41:55.4,899,899,
Wake,30,42:00.0,42:30.0,900,901,
LM,5.5,42:01.0,42:06.5,900,900,
LM,4.22,42:14.4,42:18.6,900,900,
LM,0.51,42:22.9,42:23.4,900,900,
Wake,30,42:30.0,43:00.0,901,902,
LM,0.545,42:54.4,42:55.0,901,901,
LM,0.76,42:58.5,42:59.3,901,901,
Wake,30,43:00.0,43:30.0,902,903,
LM,3.82,43:23.7,43:27.5,902,902,
Movement,2.7,43:24.0,43:26.7,902,902,
LM,0.935,43:28.0,43:28.9,902,902,
Wake,30,43:30.0,44:00.0,903,904,
LM,0.56,43:37.8,43:38.4,903,903,
Wake,30,44:00.0,44:30.0,904,905,
Movement,2.9,44:06.4,44:09.3,904,904,
Wake,30,44:30.0,45:00.0,905,906,
Wake,30,45:00.0,45:30.0,906,907,
LM,0.505,45:21.8,45:22.3,906,906,
Wake,30,45:30.0,46:00.0,907,908,
LM,0.5,45:47.3,45:47.8,907,907,
LM,1.22,45:49.2,45:50.4,907,907,
Wake,30,46:00.0,46:30.0,908,909,
LM,2.435,46:21.3,46:23.7,908,908,
N1,30,46:30.0,47:00.0,909,910,
N2,30,47:00.0,47:30.0,910,911,
LM,0.62,47:04.0,47:04.6,910,910,
N2,30,47:30.0,48:00.0,911,912,
LM,0.8,47:34.5,47:35.3,911,911,
N2,30,48:00.0,48:30.0,912,913,
LM,1.025,48:16.3,48:17.4,912,912,
N1,30,48:30.0,49:00.0,913,914,
Desat,35.999,48:34.5,49:10.5,913,914,
N1,30,49:00.0,49:30.0,914,915,
N2,30,49:30.0,50:00.0,915,916,
LM,4.92,49:48.0,49:53.0,915,915,
Wake,30,50:00.0,50:30.0,916,917,
LM,2.814,50:25.3,50:28.1,916,916,
Movement,1.85,50:26.3,50:28.2,916,916,
N1,30,50:30.0,51:00.0,917,918,
N2,30,51:00.0,51:30.0,918,919,
N2,30,51:30.0,52:00.0,919,920,
N2,30,52:00.0,52:30.0,920,921,
Movement,13.049,52:19.3,52:32.4,920,921,
N2,30,52:30.0,53:00.0,921,922,
LM,3.019,52:30.3,52:33.3,921,921,
Desat,18,52:42.8,53:00.8,921,922,
N2,30,53:00.0,53:30.0,922,923,
N2,30,53:30.0,54:00.0,923,924,
N2,30,54:00.0,54:30.0,924,925,
N2,30,54:30.0,55:00.0,925,926,
N2,30,55:00.0,55:30.0,926,927,
LM,1.454,55:00.4,55:01.9,926,926,
PLM,197.253,55:00.4,58:17.7,926,932,
Movement,1.499,55:00.5,55:02.0,926,926,
N2,30,55:30.0,56:00.0,927,928,
LM,1.03,55:40.8,55:41.9,927,927,
N2,30,56:00.0,56:30.0,928,929,
N2,30,56:30.0,57:00.0,929,930,
LM,0.935,56:50.7,56:51.6,929,929,
LM,2.155,56:51.1,56:53.2,929,929,
N2,30,57:00.0,57:30.0,930,931,
N2,30,57:30.0,58:00.0,931,932,
N2,30,58:00.0,58:30.0,932,933,
Movement,3.05,58:14.3,58:17.3,932,932,
LM,2.235,58:15.4,58:17.7,932,932,
LM,1.65,58:16.0,58:17.6,932,932,
N2,30,58:30.0,59:00.0,933,934,
N2,30,59:00.0,59:30.0,934,935,
N2,30,59:30.0,00:00.0,935,936,
N2,30,00:00.0,00:30.0,936,937,
LM,2.3,00:04.0,00:06.3,936,936,
LM,1.55,00:04.2,00:05.8,936,936,
Movement,1.8,00:04.3,00:06.1,936,936,
N2,30,00:30.0,01:00.0,937,938,
N2,30,01:00.0,01:30.0,938,939,
N2,30,01:30.0,02:00.0,939,940,
N2,30,02:00.0,02:30.0,940,941,
LM,2.455,02:25.4,02:27.8,940,940,
LM,1.655,02:25.5,02:27.2,940,940,
Movement,1.15,02:26.2,02:27.4,940,940,
Wake,30,02:30.0,03:00.0,941,942,
N2,30,03:00.0,03:30.0,942,943,
N2,30,03:30.0,04:00.0,943,944,
N2,30,04:00.0,04:30.0,944,945,
LM,1.789,04:11.6,04:13.3,944,944,
LM,1.785,04:13.0,04:14.8,944,944,
Movement,1.05,04:13.2,04:14.2,944,944,
N2,30,04:30.0,05:00.0,945,946,
N2,30,05:00.0,05:30.0,946,947,
N2,30,05:30.0,06:00.0,947,948,
LM,1.81,05:53.7,05:55.5,947,947,
PLM,366.856,05:53.7,12:00.6,947,960,
Movement,1.55,05:54.6,05:56.1,947,947,
LM,0.965,05:55.7,05:56.7,947,947,
N2,30,06:00.0,06:30.0,948,949,
N2,30,06:30.0,07:00.0,949,950,
LM,1.53,06:48.6,06:50.1,949,949,
N2,30,07:00.0,07:30.0,950,951,
N2,30,07:30.0,08:00.0,951,952,
LM,2.534,07:30.7,07:33.2,951,951,
LM,1.205,07:32.3,07:33.5,951,951,
N2,30,08:00.0,08:30.0,952,953,
N2,30,08:30.0,09:00.0,953,954,
LM,1.965,08:40.6,08:42.6,953,953,
Movement,1.3,08:40.9,08:42.2,953,953,
LM,1.905,08:41.0,08:42.9,953,953,
N2,30,09:00.0,09:30.0,954,955,
N2,30,09:30.0,10:00.0,955,956,
N2,30,10:00.0,10:30.0,956,957,
Movement,29.298,10:06.3,10:35.6,956,957,
LM,1.4,10:07.4,10:08.8,956,956,
N2,30,10:30.0,11:00.0,957,958,
LM,2.169,10:34.1,10:36.3,957,957,
N2,30,11:00.0,11:30.0,958,959,
N2,30,11:30.0,12:00.0,959,960,
LM,3.912,11:56.7,12:00.6,959,960,
Movement,2.049,11:58.8,12:00.8,959,960,
N1,30,12:00.0,12:30.0,960,961,
N2,30,12:30.0,13:00.0,961,962,
Movement,6.449,12:42.9,12:49.4,961,961,
N2,30,13:00.0,13:30.0,962,963,
REM,30,13:30.0,14:00.0,963,964,
REM,30,14:00.0,14:30.0,964,965,
Desat,15.965,14:15.2,14:31.1,964,965,
REM,30,14:30.0,15:00.0,965,966,
LM,1.6,14:47.6,14:49.2,965,965,
LM,1.8,14:48.1,14:49.9,965,965,
Movement,1.4,14:48.8,14:50.2,965,965,
REM,30,15:00.0,15:30.0,966,967,
Movement,6.75,15:23.6,15:30.3,966,967,
REM,30,15:30.0,16:00.0,967,968,
Wake,30,16:00.0,16:30.0,968,969,
Movement,1,16:27.7,16:28.7,968,968,
LM,2.465,16:27.9,16:30.4,968,969,
LM,2.425,16:27.9,16:30.3,968,969,
N1,30,16:30.0,17:00.0,969,970,
N2,30,17:00.0,17:30.0,970,971,
N1,30,17:30.0,18:00.0,971,972,
N1,30,18:00.0,18:30.0,972,973,
LM,2.005,18:00.9,18:02.9,972,972,
PLM,230.926,18:00.9,21:51.8,972,979,
LM,1.185,18:26.3,18:27.5,972,972,
LM,0.745,18:27.6,18:28.3,972,972,
N2,30,18:30.0,19:00.0,973,974,
N2,30,19:00.0,19:30.0,974,975,
N2,30,19:30.0,20:00.0,975,976,
LM,3.83,19:46.4,19:50.2,975,975,
LM,3.62,19:47.0,19:50.7,975,975,
Desat,30.793,19:49.1,20:19.9,975,976,
N2,30,20:00.0,20:30.0,976,977,
Movement,3.699,20:19.0,20:22.7,976,976,
LM,0.893,20:21.1,20:22.0,976,976,
N2,30,20:30.0,21:00.0,977,978,
N2,30,21:00.0,21:30.0,978,979,
LM,1.26,21:01.6,21:02.8,978,978,
N2,30,21:30.0,22:00.0,979,980,
LM,4.66,21:47.1,21:51.8,979,979,
LM,2.285,21:48.2,21:50.5,979,979,
Movement,3.1,21:48.3,21:51.4,979,979,
N2,30,22:00.0,22:30.0,980,981,
N2,30,22:30.0,23:00.0,981,982,
N2,30,23:00.0,23:30.0,982,983,
N2,30,23:30.0,24:00.0,983,984,
N2,30,24:00.0,24:30.0,984,985,
LM,0.98,24:24.5,24:25.5,984,984,
Snore Train,10.52,24:24.6,24:35.1,984,985,
Movement,17.699,24:25.2,24:42.9,984,985,
Wake,30,24:30.0,25:00.0,985,986,
N2,30,25:00.0,25:30.0,986,987,
N2,30,25:30.0,26:00.0,987,988,
N2,30,26:00.0,26:30.0,988,989,
N2,30,26:30.0,27:00.0,989,990,
N2,30,27:00.0,27:30.0,990,991,
N2,30,27:30.0,28:00.0,991,992,
N2,30,28:00.0,28:30.0,992,993,
N3,30,28:30.0,29:00.0,993,994,
N3,30,29:00.0,29:30.0,994,995,
N3,30,29:30.0,30:00.0,995,996,
N3,30,30:00.0,30:30.0,996,997,
N2,30,30:30.0,31:00.0,997,998,
LM,1.945,30:37.2,30:39.1,997,997,
Desat,18,30:48.8,31:06.8,997,998,
N2,30,31:00.0,31:30.0,998,999,
N3,30,31:30.0,32:00.0,999,1000,
N2,30,32:00.0,32:30.0,1000,1001,
N2,30,32:30.0,33:00.0,1001,1002,
N2,30,33:00.0,33:30.0,1002,1003,
N3,30,33:30.0,34:00.0,1003,1004,
Snore Train,14.92,33:43.1,33:58.0,1003,1003,
LM,2.402,33:45.4,33:47.8,1003,1003,
Movement,1.7,33:45.9,33:47.6,1003,1003,
N2,30,34:00.0,34:30.0,1004,1005,
N3,30,34:30.0,35:00.0,1005,1006,
N3,30,35:00.0,35:30.0,1006,1007,
N3,30,35:30.0,36:00.0,1007,1008,
Snore Train,14.55,35:32.9,35:47.4,1007,1007,
LM,1.29,35:45.2,35:46.5,1007,1007,
LM,1.355,35:45.3,35:46.7,1007,1007,
Movement,1.5,35:46.0,35:47.5,1007,1007,
N3,30,36:00.0,36:30.0,1008,1009,
Desat,13.333,36:09.1,36:22.5,1008,1008,
N1,30,36:30.0,37:00.0,1009,1010,
Movement,63.096,36:33.5,37:36.6,1009,1011,
LM,3.363,36:35.5,36:38.9,1009,1009,
N2,30,37:00.0,37:30.0,1010,1011,
Desat,23.333,37:16.1,37:39.5,1010,1011,
N2,30,37:30.0,38:00.0,1011,1012,
LM,1.853,37:32.8,37:34.7,1011,1011,
N2,30,38:00.0,38:30.0,1012,1013,
N2,30,38:30.0,39:00.0,1013,1014,
N2,30,39:00.0,39:30.0,1014,1015,
N2,30,39:30.0,40:00.0,1015,1016,
N3,30,40:00.0,40:30.0,1016,1017,
N3,30,40:30.0,41:00.0,1017,1018,
N3,30,41:00.0,41:30.0,1018,1019,
N3,30,41:30.0,42:00.0,1019,1020,
N3,30,42:00.0,42:30.0,1020,1021,
N3,30,42:30.0,43:00.0,1021,1022,
N3,30,43:00.0,43:30.0,1022,1023,
Movement,6.599,43:01.7,43:08.3,1022,1022,
LM,5.421,43:02.1,43:07.6,1022,1022,
N2,30,43:30.0,44:00.0,1023,1024,
N2,30,44:00.0,44:30.0,1024,1025,
N2,30,44:30.0,45:00.0,1025,1026,
N2,30,45:00.0,45:30.0,1026,1027,
N3,30,45:30.0,46:00.0,1027,1028,
N2,30,46:00.0,46:30.0,1028,1029,
N2,30,46:30.0,47:00.0,1029,1030,
Movement,3.75,46:45.3,46:49.1,1029,1029,
LM,2.265,46:47.5,46:49.8,1029,1029,
N2,30,47:00.0,47:30.0,1030,1031,
N3,30,47:30.0,48:00.0,1031,1032,
N3,30,48:00.0,48:30.0,1032,1033,
N3,30,48:30.0,49:00.0,1033,1034,
N3,30,49:00.0,49:30.0,1034,1035,
N3,30,49:30.0,50:00.0,1035,1036,
N3,30,50:00.0,50:30.0,1036,1037,
N3,30,50:30.0,51:00.0,1037,1038,
N3,30,51:00.0,51:30.0,1038,1039,
N3,30,51:30.0,52:00.0,1039,1040,
N3,30,52:00.0,52:30.0,1040,1041,
N3,30,52:30.0,53:00.0,1041,1042,
N3,30,53:00.0,53:30.0,1042,1043,
LM,3.35,53:28.5,53:31.8,1042,1043,
N3,30,53:30.0,54:00.0,1043,1044,
N3,30,54:00.0,54:30.0,1044,1045,
N3,30,54:30.0,55:00.0,1045,1046,
N3,30,55:00.0,55:30.0,1046,1047,
N3,30,55:30.0,56:00.0,1047,1048,
LM,2.265,55:58.3,56:00.5,1047,1048,
Movement,1.5,55:59.6,56:01.1,1047,1048,
N3,30,56:00.0,56:30.0,1048,1049,
N3,30,56:30.0,57:00.0,1049,1050,
N3,30,57:00.0,57:30.0,1050,1051,
N3,30,57:30.0,58:00.0,1051,1052,
N3,30,58:00.0,58:30.0,1052,1053,
LM,2.635,58:17.1,58:19.7,1052,1052,
LM,2.95,58:17.4,58:20.3,1052,1052,
Movement,1.9,58:17.8,58:19.7,1052,1052,
N3,30,58:30.0,59:00.0,1053,1054,
N3,30,59:00.0,59:30.0,1054,1055,
N3,30,59:30.0,00:00.0,1055,1056,
N3,30,00:00.0,00:30.0,1056,1057,
N3,30,00:30.0,01:00.0,1057,1058,
N3,30,01:00.0,01:30.0,1058,1059,
Wake,30,01:30.0,02:00.0,1059,1060,
Movement,27.549,01:30.5,01:58.1,1059,1059,
LM,3.706,01:40.4,01:44.1,1059,1059,
Snore Train,26.24,01:49.7,02:15.9,1059,1060,
Wake,30,02:00.0,02:30.0,1060,1061,
N2,30,02:30.0,03:00.0,1061,1062,
N2,30,03:00.0,03:30.0,1062,1063,
LM,1.63,03:06.0,03:07.7,1062,1062,
N2,30,03:30.0,04:00.0,1063,1064,
N2,30,04:00.0,04:30.0,1064,1065,
N2,30,04:30.0,05:00.0,1065,1066,
LM,1.745,04:45.8,04:47.6,1065,1065,
Movement,1.15,04:46.3,04:47.5,1065,1065,
N2,30,05:00.0,05:30.0,1066,1067,
N2,30,05:30.0,06:00.0,1067,1068,
LM,1.445,05:35.1,05:36.6,1067,1067,
Movement,26.798,05:35.5,06:02.3,1067,1068,
N2,30,06:00.0,06:30.0,1068,1069,
N2,30,06:30.0,07:00.0,1069,1070,
N2,30,07:00.0,07:30.0,1070,1071,
N2,30,07:30.0,08:00.0,1071,1072,
REM,30,08:00.0,08:30.0,1072,1073,
REM,30,08:30.0,09:00.0,1073,1074,
REM,30,09:00.0,09:30.0,1074,1075,
Movement,74.796,09:23.7,10:38.5,1074,1077,
REM,30,09:30.0,10:00.0,1075,1076,
LM,4.015,09:40.5,09:44.6,1075,1075,
LM,3.835,09:40.9,09:44.7,1075,1075,
Desat,22.333,09:57.4,10:19.8,1075,1076,
Wake,30,10:00.0,10:30.0,1076,1077,
Wake,30,10:30.0,11:00.0,1077,1078,
REM,30,11:00.0,11:30.0,1078,1079,
REM,30,11:30.0,12:00.0,1079,1080,
A. Obstructive,16.8,11:32.4,11:49.2,1079,1079,
Desat,15.999,11:43.1,11:59.1,1079,1079,
REM,30,12:00.0,12:30.0,1080,1081,
Movement,7.749,12:17.7,12:25.4,1080,1080,
LM,6.625,12:19.2,12:25.8,1080,1080,
LM,6.37,12:19.5,12:25.8,1080,1080,
REM,30,12:30.0,13:00.0,1081,1082,
Desat,22,12:39.4,13:01.4,1081,1082,
REM,30,13:00.0,13:30.0,1082,1083,
REM,30,13:30.0,14:00.0,1083,1084,
REM,30,14:00.0,14:30.0,1084,1085,
REM,30,14:30.0,15:00.0,1085,1086,
REM,30,15:00.0,15:30.0,1086,1087,
Movement,12.399,15:18.7,15:31.1,1086,1087,
REM,30,15:30.0,16:00.0,1087,1088,
Wake,30,16:00.0,16:30.0,1088,1089,
LM,2.78,16:22.9,16:25.7,1088,1088,
LM,3.04,16:23.4,16:26.4,1088,1088,
N1,30,16:30.0,17:00.0,1089,1090,
N1,30,17:00.0,17:30.0,1090,1091,
N1,30,17:30.0,18:00.0,1091,1092,
LM,2.675,17:59.4,18:02.1,1091,1092,
LM,1.53,17:59.8,18:01.3,1091,1092,
Movement,1.8,17:59.8,18:01.6,1091,1092,
N1,30,18:00.0,18:30.0,1092,1093,
Desat,22.333,18:18.4,18:40.8,1092,1093,
N2,30,18:30.0,19:00.0,1093,1094,
N2,30,19:00.0,19:30.0,1094,1095,
N2,30,19:30.0,20:00.0,1095,1096,
N2,30,20:00.0,20:30.0,1096,1097,
N2,30,20:30.0,21:00.0,1097,1098,
Movement,73.095,20:36.8,21:49.9,1097,1099,
N2,30,21:00.0,21:30.0,1098,1099,
LM,2.29,21:17.8,21:20.1,1098,1098,
LM,1.765,21:18.0,21:19.8,1098,1098,
N2,30,21:30.0,22:00.0,1099,1100,
LM,3.63,21:47.9,21:51.5,1099,1099,
LM,1.345,21:49.9,21:51.3,1099,1099,
N2,30,22:00.0,22:30.0,1100,1101,
N2,30,22:30.0,23:00.0,1101,1102,
N2,30,23:00.0,23:30.0,1102,1103,
N2,30,23:30.0,24:00.0,1103,1104,
N2,30,24:00.0,24:30.0,1104,1105,
N2,30,24:30.0,25:00.0,1105,1106,
N2,30,25:00.0,25:30.0,1106,1107,
N2,30,25:30.0,26:00.0,1107,1108,
N2,30,26:00.0,26:30.0,1108,1109,
N2,30,26:30.0,27:00.0,1109,1110,
N2,30,27:00.0,27:30.0,1110,1111,
N2,30,27:30.0,28:00.0,1111,1112,
N2,30,28:00.0,28:30.0,1112,1113,
N2,30,28:30.0,29:00.0,1113,1114,
LM,2.058,28:51.4,28:53.4,1113,1113,
Movement,1.85,28:51.7,28:53.5,1113,1113,
N2,30,29:00.0,29:30.0,1114,1115,
N2,30,29:30.0,30:00.0,1115,1116,
N2,30,30:00.0,30:30.0,1116,1117,
N2,30,30:30.0,31:00.0,1117,1118,
N2,30,31:00.0,31:30.0,1118,1119,
N2,30,31:30.0,32:00.0,1119,1120,
N2,30,32:00.0,32:30.0,1120,1121,
N2,30,32:30.0,33:00.0,1121,1122,
N2,30,33:00.0,33:30.0,1122,1123,
LM,0.91,33:06.2,33:07.1,1122,1122,
Movement,6.649,33:07.7,33:14.4,1122,1122,
N2,30,33:30.0,34:00.0,1123,1124,
Desat,11.666,33:32.8,33:44.4,1123,1123,
REM,30,34:00.0,34:30.0,1124,1125,
A. Obstructive,16.435,34:08.5,34:24.9,1124,1124,
Desat,27.666,34:27.4,34:55.1,1124,1125,
REM,30,34:30.0,35:00.0,1125,1126,
REM,30,35:00.0,35:30.0,1126,1127,
LM,0.93,35:29.1,35:30.1,1126,1127,
LM,0.52,35:29.6,35:30.1,1126,1127,
REM,30,35:30.0,36:00.0,1127,1128,
REM,30,36:00.0,36:30.0,1128,1129,
REM,30,36:30.0,37:00.0,1129,1130,
LM,1.59,36:53.7,36:55.3,1129,1129,
REM,30,37:00.0,37:30.0,1130,1131,
REM,30,37:30.0,38:00.0,1131,1132,
REM,30,38:00.0,38:30.0,1132,1133,
REM,30,38:30.0,39:00.0,1133,1134,
Desat,35,38:51.4,39:26.4,1133,1134,
REM,30,39:00.0,39:30.0,1134,1135,
Movement,35.648,39:20.6,39:56.3,1134,1135,
LM,0.95,39:20.8,39:21.7,1134,1134,
REM,30,39:30.0,40:00.0,1135,1136,
LM,3.27,39:39.0,39:42.3,1135,1135,
LM,3.4,39:39.4,39:42.8,1135,1135,
REM,30,40:00.0,40:30.0,1136,1137,
Desat,23.333,40:10.4,40:33.8,1136,1137,
REM,30,40:30.0,41:00.0,1137,1138,
REM,30,41:00.0,41:30.0,1138,1139,
REM,30,41:30.0,42:00.0,1139,1140,
Desat,15.333,41:48.4,42:03.8,1139,1140,
REM,30,42:00.0,42:30.0,1140,1141,
REM,30,42:30.0,43:00.0,1141,1142,
REM,30,43:00.0,43:30.0,1142,1143,
REM,30,43:30.0,44:00.0,1143,1144,
REM,30,44:00.0,44:30.0,1144,1145,
REM,30,44:30.0,45:00.0,1145,1146,
LM,0.734,44:34.1,44:34.8,1145,1145,
REM,30,45:00.0,45:30.0,1146,1147,
REM,30,45:30.0,46:00.0,1147,1148,
REM,30,46:00.0,46:30.0,1148,1149,
REM,30,46:30.0,47:00.0,1149,1150,
Movement,1.15,46:39.1,46:40.3,1149,1149,
LM,3.11,46:39.9,46:43.0,1149,1149,
Desat,35.332,46:59.1,47:34.4,1149,1151,
REM,30,47:00.0,47:30.0,1150,1151,
REM,30,47:30.0,48:00.0,1151,1152,
LM,2.27,47:48.4,47:50.7,1151,1151,
LM,2.04,47:49.3,47:51.4,1151,1151,
REM,30,48:00.0,48:30.0,1152,1153,
Desat,33.666,48:16.4,48:50.1,1152,1153,
REM,30,48:30.0,49:00.0,1153,1154,
REM,30,49:00.0,49:30.0,1154,1155,
REM,30,49:30.0,50:00.0,1155,1156,
REM,30,50:00.0,50:30.0,1156,1157,
REM,30,50:30.0,51:00.0,1157,1158,
Desat,16.666,50:54.4,51:11.1,1157,1158,
REM,30,51:00.0,51:30.0,1158,1159,
Movement,3,51:07.1,51:10.1,1158,1158,
LM,2.055,51:08.8,51:10.8,1158,1158,
LM,2.155,51:09.3,51:11.5,1158,1158,
Desat,19.999,51:29.4,51:49.4,1158,1159,
REM,30,51:30.0,52:00.0,1159,1160,
REM,30,52:00.0,52:30.0,1160,1161,
REM,30,52:30.0,53:00.0,1161,1162,
REM,30,53:00.0,53:30.0,1162,1163,
Desat,38.333,53:00.4,53:38.8,1162,1163,
REM,30,53:30.0,54:00.0,1163,1164,
REM,30,54:00.0,54:30.0,1164,1165,
Desat,22.999,54:08.1,54:31.1,1164,1165,
REM,30,54:30.0,55:00.0,1165,1166,
REM,30,55:00.0,55:30.0,1166,1167,
Movement,2.75,55:05.3,55:08.1,1166,1166,
LM,3.156,55:06.5,55:09.6,1166,1166,
REM,30,55:30.0,56:00.0,1167,1168,
Desat,29.332,55:31.8,56:01.1,1167,1168,
REM,30,56:00.0,56:30.0,1168,1169,
Wake,30,56:30.0,57:00.0,1169,1170,
Movement,10.549,56:41.7,56:52.3,1169,1169,
REM,30,57:00.0,57:30.0,1170,1171,
LM,3.095,57:07.0,57:10.1,1170,1170,
PLM,72.446,57:07.0,58:19.4,1170,1172,
Desat,43.417,57:08.1,57:51.5,1170,1171,
LM,0.895,57:08.8,57:09.7,1170,1170,
LM,2.465,57:16.0,57:18.4,1170,1170,
LM,3.5,57:27.3,57:30.8,1170,1171,
REM,30,57:30.0,58:00.0,1171,1172,
REM,30,58:00.0,58:30.0,1172,1173,
LM,1.19,58:17.5,58:18.6,1172,1172,
LM,1.79,58:17.6,58:19.4,1172,1172,
N2,30,58:30.0,59:00.0,1173,1174,
N2,30,59:00.0,59:30.0,1174,1175,
N2,30,59:30.0,00:00.0,1175,1176,
N2,30,00:00.0,00:30.0,1176,1177,
N2,30,00:30.0,01:00.0,1177,1178,
N2,30,01:00.0,01:30.0,1178,1179,
N2,30,01:30.0,02:00.0,1179,1180,
Wake,30,02:00.0,02:30.0,1180,1181,
LM,2.86,02:11.4,02:14.2,1180,1180,
LM,1.38,02:12.0,02:13.4,1180,1180,
Movement,55.747,02:13.7,03:09.4,1180,1182,
N2,30,02:30.0,03:00.0,1181,1182,
Desat,20.333,02:40.1,03:00.4,1181,1182,
LM,3.009,02:52.3,02:55.3,1181,1181,
LM,2.52,02:52.4,02:54.9,1181,1181,
N1,30,03:00.0,03:30.0,1182,1183,
LM,0.823,03:07.5,03:08.3,1182,1182,
N2,30,03:30.0,04:00.0,1183,1184,
N2,30,04:00.0,04:30.0,1184,1185,
N2,30,04:30.0,05:00.0,1185,1186,
N2,30,05:00.0,05:30.0,1186,1187,
N2,30,05:30.0,06:00.0,1187,1188,
N2,30,06:00.0,06:30.0,1188,1189,
N2,30,06:30.0,07:00.0,1189,1190,
N2,30,07:00.0,07:30.0,1190,1191,
N2,30,07:30.0,08:00.0,1191,1192,
N2,30,08:00.0,08:30.0,1192,1193,
N3,30,08:30.0,09:00.0,1193,1194,
N3,30,09:00.0,09:30.0,1194,1195,
N3,30,09:30.0,10:00.0,1195,1196,
N3,30,10:00.0,10:30.0,1196,1197,
N3,30,10:30.0,11:00.0,1197,1198,
N3,30,11:00.0,11:30.0,1198,1199,
N3,30,11:30.0,12:00.0,1199,1200,
N3,30,12:00.0,12:30.0,1200,1201,
N3,30,12:30.0,13:00.0,1201,1202,
N3,30,13:00.0,13:30.0,1202,1203,
N3,30,13:30.0,14:00.0,1203,1204,
N3,30,14:00.0,14:30.0,1204,1205,
N3,30,14:30.0,15:00.0,1205,1206,
N3,30,15:00.0,15:30.0,1206,1207,
N3,30,15:30.0,16:00.0,1207,1208,
N3,30,16:00.0,16:30.0,1208,1209,
N3,30,16:30.0,17:00.0,1209,1210,
N3,30,17:00.0,17:30.0,1210,1211,
N3,30,17:30.0,18:00.0,1211,1212,
N3,30,18:00.0,18:30.0,1212,1213,
N3,30,18:30.0,19:00.0,1213,1214,
N3,30,19:00.0,19:30.0,1214,1215,
N3,30,19:30.0,20:00.0,1215,1216,
N3,30,20:00.0,20:30.0,1216,1217,
N3,30,20:30.0,21:00.0,1217,1218,
N3,30,21:00.0,21:30.0,1218,1219,
N3,30,21:30.0,22:00.0,1219,1220,
N3,30,22:00.0,22:30.0,1220,1221,
N3,30,22:30.0,23:00.0,1221,1222,
N3,30,23:00.0,23:30.0,1222,1223,
N3,30,23:30.0,24:00.0,1223,1224,
N3,30,24:00.0,24:30.0,1224,1225,
N3,30,24:30.0,25:00.0,1225,1226,
N3,30,25:00.0,25:30.0,1226,1227,
N3,30,25:30.0,26:00.0,1227,1228,
N3,30,26:00.0,26:30.0,1228,1229,
N3,30,26:30.0,27:00.0,1229,1230,
N3,30,27:00.0,27:30.0,1230,1231,
N3,30,27:30.0,28:00.0,1231,1232,
N3,30,28:00.0,28:30.0,1232,1233,
N3,30,28:30.0,29:00.0,1233,1234,
N3,30,29:00.0,29:30.0,1234,1235,
N3,30,29:30.0,30:00.0,1235,1236,
N3,30,30:00.0,30:30.0,1236,1237,
N3,30,30:30.0,31:00.0,1237,1238,
N3,30,31:00.0,31:30.0,1238,1239,
N3,30,31:30.0,32:00.0,1239,1240,
N3,30,32:00.0,32:30.0,1240,1241,
N3,30,32:30.0,33:00.0,1241,1242,
N3,30,33:00.0,33:30.0,1242,1243,
N3,30,33:30.0,34:00.0,1243,1244,
N3,30,34:00.0,34:30.0,1244,1245,
N3,30,34:30.0,35:00.0,1245,1246,
N3,30,35:00.0,35:30.0,1246,1247,
N3,30,35:30.0,36:00.0,1247,1248,
N3,30,36:00.0,36:30.0,1248,1249,
N3,30,36:30.0,37:00.0,1249,1250,
N3,30,37:00.0,37:30.0,1250,1251,
N3,30,37:30.0,38:00.0,1251,1252,
N3,30,38:00.0,38:30.0,1252,1253,
N3,30,38:30.0,39:00.0,1253,1254,
N3,30,39:00.0,39:30.0,1254,1255,
N3,30,39:30.0,40:00.0,1255,1256,
N3,30,40:00.0,40:30.0,1256,1257,
N3,30,40:30.0,41:00.0,1257,1258,
N3,30,41:00.0,41:30.0,1258,1259,
N3,30,41:30.0,42:00.0,1259,1260,
N3,30,42:00.0,42:30.0,1260,1261,
N3,30,42:30.0,43:00.0,1261,1262,
N3,30,43:00.0,43:30.0,1262,1263,
N3,30,43:30.0,44:00.0,1263,1264,
N3,30,44:00.0,44:30.0,1264,1265,
LM,1.255,44:18.1,44:19.4,1264,1264,
N3,30,44:30.0,45:00.0,1265,1266,
N3,30,45:00.0,45:30.0,1266,1267,
N3,30,45:30.0,46:00.0,1267,1268,
N3,30,46:00.0,46:30.0,1268,1269,
N3,30,46:30.0,47:00.0,1269,1270,
N3,30,47:00.0,47:30.0,1270,1271,
N3,30,47:30.0,48:00.0,1271,1272,
N3,30,48:00.0,48:30.0,1272,1273,
N3,30,48:30.0,49:00.0,1273,1274,
N3,30,49:00.0,49:30.0,1274,1275,
N3,30,49:30.0,50:00.0,1275,1276,
N3,30,50:00.0,50:30.0,1276,1277,
N3,30,50:30.0,51:00.0,1277,1278,
N3,30,51:00.0,51:30.0,1278,1279,
N3,30,51:30.0,52:00.0,1279,1280,
N3,30,52:00.0,52:30.0,1280,1281,
N3,30,52:30.0,53:00.0,1281,1282,
N3,30,53:00.0,53:30.0,1282,1283,
N3,30,53:30.0,54:00.0,1283,1284,
N3,30,54:00.0,54:30.0,1284,1285,
N3,30,54:30.0,55:00.0,1285,1286,
N3,30,55:00.0,55:30.0,1286,1287,
N3,30,55:30.0,56:00.0,1287,1288,
N3,30,56:00.0,56:30.0,1288,1289,
N3,30,56:30.0,57:00.0,1289,1290,
N3,30,57:00.0,57:30.0,1290,1291,
N3,30,57:30.0,58:00.0,1291,1292,
N3,30,58:00.0,58:30.0,1292,1293,
Wake,30,58:30.0,59:00.0,1293,1294,
Movement,23.349,58:39.2,59:02.6,1293,1294,
N3,30,59:00.0,59:30.0,1294,1295,
N3,30,59:30.0,00:00.0,1295,1296,
N3,30,00:00.0,00:30.0,1296,1297,
N3,30,00:30.0,01:00.0,1297,1298,
N3,30,01:00.0,01:30.0,1298,1299,
N3,30,01:30.0,02:00.0,1299,1300,
N3,30,02:00.0,02:30.0,1300,1301,
N3,30,02:30.0,03:00.0,1301,1302,
N3,30,03:00.0,03:30.0,1302,1303,
N3,30,03:30.0,04:00.0,1303,1304,
N3,30,04:00.0,04:30.0,1304,1305,
N3,30,04:30.0,05:00.0,1305,1306,
N3,30,05:00.0,05:30.0,1306,1307,
N3,30,05:30.0,06:00.0,1307,1308,
N3,30,06:00.0,06:30.0,1308,1309,
N2,30,06:30.0,07:00.0,1309,1310,
Wake,30,07:00.0,07:30.0,1310,1311,
Movement,12.299,07:03.8,07:16.1,1310,1310,
N2,30,07:30.0,08:00.0,1311,1312,
REM,30,08:00.0,08:30.0,1312,1313,
REM,30,08:30.0,09:00.0,1313,1314,
REM,30,09:00.0,09:30.0,1314,1315,
REM,30,09:30.0,10:00.0,1315,1316,
Wake,30,10:00.0,10:30.0,1316,1317,
Movement,18.399,10:01.5,10:19.9,1316,1316,
LM,2.195,10:10.9,10:13.1,1316,1316,
N1,30,10:30.0,11:00.0,1317,1318,
N2,30,11:00.0,11:30.0,1318,1319,
Desat,19,11:17.0,11:36.0,1318,1319,
Movement,1.95,11:25.2,11:27.1,1318,1318,
REM,30,11:30.0,12:00.0,1319,1320,
REM,30,12:00.0,12:30.0,1320,1321,
REM,30,12:30.0,13:00.0,1321,1322,
Movement,2.299,12:57.1,12:59.4,1321,1321,
REM,30,13:00.0,13:30.0,1322,1323,
REM,30,13:30.0,14:00.0,1323,1324,
REM,30,14:00.0,14:30.0,1324,1325,
A. Obstructive,18.272,14:21.0,14:39.2,1324,1325,
REM,30,14:30.0,15:00.0,1325,1326,
Desat,20,14:42.4,15:02.4,1325,1326,
REM,30,15:00.0,15:30.0,1326,1327,
Desat,32.666,15:13.7,15:46.4,1326,1327,
REM,30,15:30.0,16:00.0,1327,1328,
REM,30,16:00.0,16:30.0,1328,1329,
LM,0.94,16:20.9,16:21.8,1328,1328,
REM,30,16:30.0,17:00.0,1329,1330,
REM,30,17:00.0,17:30.0,1330,1331,
Movement,32.698,17:10.3,17:43.0,1330,1331,
LM,1.145,17:12.1,17:13.3,1330,1330,
REM,30,17:30.0,18:00.0,1331,1332,
LM,7.205,17:35.9,17:43.1,1331,1331,
REM,30,18:00.0,18:30.0,1332,1333,
REM,30,18:30.0,19:00.0,1333,1334,
REM,30,19:00.0,19:30.0,1334,1335,
REM,30,19:30.0,20:00.0,1335,1336,
REM,30,20:00.0,20:30.0,1336,1337,
REM,30,20:30.0,21:00.0,1337,1338,
REM,30,21:00.0,21:30.0,1338,1339,
REM,30,21:30.0,22:00.0,1339,1340,
Movement,29.098,21:41.5,22:10.6,1339,1340,
REM,30,22:00.0,22:30.0,1340,1341,
LM,4.884,22:06.9,22:11.8,1340,1340,
LM,2.349,22:08.6,22:10.9,1340,1340,
REM,30,22:30.0,23:00.0,1341,1342,
REM,30,23:00.0,23:30.0,1342,1343,
REM,30,23:30.0,24:00.0,1343,1344,
LM,9.332,23:44.0,23:53.3,1343,1343,
Movement,9.349,23:44.8,23:54.2,1343,1343,
REM,30,24:00.0,24:30.0,1344,1345,
REM,30,24:30.0,25:00.0,1345,1346,
REM,30,25:00.0,25:30.0,1346,1347,
REM,30,25:30.0,26:00.0,1347,1348,
REM,30,26:00.0,26:30.0,1348,1349,
REM,30,26:30.0,27:00.0,1349,1350,
REM,30,27:00.0,27:30.0,1350,1351,
REM,30,27:30.0,28:00.0,1351,1352,
REM,30,28:00.0,28:30.0,1352,1353,
REM,30,28:30.0,29:00.0,1353,1354,
Movement,12.249,28:32.1,28:44.4,1353,1353,
LM,2.174,28:32.5,28:34.6,1353,1353,
REM,30,29:00.0,29:30.0,1354,1355,
Desat,35.665,29:02.0,29:37.7,1354,1355,
REM,30,29:30.0,30:00.0,1355,1356,
REM,30,30:00.0,30:30.0,1356,1357,
REM,30,30:30.0,31:00.0,1357,1358,
Movement,4.45,30:30.5,30:35.0,1357,1357,
LM,0.635,30:30.6,30:31.2,1357,1357,
REM,30,31:00.0,31:30.0,1358,1359,
Desat,17.31,31:08.0,31:25.3,1358,1358,
Wake,30,31:30.0,32:00.0,1359,1360,
LM,2.69,31:42.8,31:45.5,1359,1359,
REM,30,32:00.0,32:30.0,1360,1361,
REM,30,32:30.0,33:00.0,1361,1362,
REM,30,33:00.0,33:30.0,1362,1363,
REM,30,33:30.0,34:00.0,1363,1364,
REM,30,34:00.0,34:30.0,1364,1365,
REM,30,34:30.0,35:00.0,1365,1366,
REM,30,35:00.0,35:30.0,1366,1367,
Movement,2.2,35:02.6,35:04.8,1366,1366,
LM,1.715,35:03.6,35:05.3,1366,1366,
REM,30,35:30.0,36:00.0,1367,1368,
REM,30,36:00.0,36:30.0,1368,1369,
REM,30,36:30.0,37:00.0,1369,1370,
REM,30,37:00.0,37:30.0,1370,1371,
REM,30,37:30.0,38:00.0,1371,1372,
REM,30,38:00.0,38:30.0,1372,1373,
Movement,1.3,38:03.5,38:04.8,1372,1372,
LM,1,38:04.9,38:05.9,1372,1372,
REM,30,38:30.0,39:00.0,1373,1374,
REM,30,39:00.0,39:30.0,1374,1375,
Movement,5.15,39:13.4,39:18.5,1374,1374,
LM,2.83,39:15.1,39:18.0,1374,1374,
LM,2.93,39:15.9,39:18.8,1374,1374,
N2,30,39:30.0,40:00.0,1375,1376,
N2,30,40:00.0,40:30.0,1376,1377,
N2,30,40:30.0,41:00.0,1377,1378,
Wake,30,41:00.0,41:30.0,1378,1379,
LM,2.47,41:08.6,41:11.1,1378,1378,
Movement,37.848,41:08.7,41:46.6,1378,1379,
N2,30,41:30.0,42:00.0,1379,1380,
N2,30,42:00.0,42:30.0,1380,1381,
N2,30,42:30.0,43:00.0,1381,1382,
N2,30,43:00.0,43:30.0,1382,1383,
N2,30,43:30.0,44:00.0,1383,1384,
N2,30,44:00.0,44:30.0,1384,1385,
N2,30,44:30.0,45:00.0,1385,1386,
N2,30,45:00.0,45:30.0,1386,1387,
LM,5.477,45:25.1,45:30.5,1386,1387,
Movement,4.05,45:25.7,45:29.7,1386,1386,
N2,30,45:30.0,46:00.0,1387,1388,
N2,30,46:00.0,46:30.0,1388,1389,
N2,30,46:30.0,47:00.0,1389,1390,
N2,30,47:00.0,47:30.0,1390,1391,
Movement,4.6,47:16.3,47:20.9,1390,1390,
LM,2.155,47:18.8,47:21.0,1390,1390,
LM,3.055,47:19.2,47:22.3,1390,1390,
N2,30,47:30.0,48:00.0,1391,1392,
N2,30,48:00.0,48:30.0,1392,1393,
LM,1.105,48:24.3,48:25.4,1392,1392,
LM,0.97,48:24.6,48:25.6,1392,1392,
N2,30,48:30.0,49:00.0,1393,1394,
Desat,22.333,48:59.7,49:22.0,1393,1394,
N2,30,49:00.0,49:30.0,1394,1395,
N2,30,49:30.0,50:00.0,1395,1396,
N2,30,50:00.0,50:30.0,1396,1397,
N2,30,50:30.0,51:00.0,1397,1398,
N2,30,51:00.0,51:30.0,1398,1399,
N2,30,51:30.0,52:00.0,1399,1400,
LM,1.1,51:31.6,51:32.7,1399,1399,
N2,30,52:00.0,52:30.0,1400,1401,
N2,30,52:30.0,53:00.0,1401,1402,
REM,30,53:00.0,53:30.0,1402,1403,
Wake,30,53:30.0,54:00.0,1403,1404,
Movement,19.848,53:32.7,53:52.5,1403,1403,
LM,1.849,53:33.0,53:34.9,1403,1403,
N1,30,54:00.0,54:30.0,1404,1405,
N2,30,54:30.0,55:00.0,1405,1406,
N2,30,55:00.0,55:30.0,1406,1407,
N2,30,55:30.0,56:00.0,1407,1408,
N2,30,56:00.0,56:30.0,1408,1409,
N2,30,56:30.0,57:00.0,1409,1410,
N2,30,57:00.0,57:30.0,1410,1411,
N2,30,57:30.0,58:00.0,1411,1412,
N2,30,58:00.0,58:30.0,1412,1413,
N2,30,58:30.0,59:00.0,1413,1414,
N2,30,59:00.0,59:30.0,1414,1415,
N2,30,59:30.0,00:00.0,1415,1416,
N2,30,00:00.0,00:30.0,1416,1417,
N2,30,00:30.0,01:00.0,1417,1418,
N2,30,01:00.0,01:30.0,1418,1419,
N2,30,01:30.0,02:00.0,1419,1420,
N2,30,02:00.0,02:30.0,1420,1421,
N2,30,02:30.0,03:00.0,1421,1422,
N2,30,03:00.0,03:30.0,1422,1423,
N2,30,03:30.0,04:00.0,1423,1424,
N2,30,04:00.0,04:30.0,1424,1425,
N2,30,04:30.0,05:00.0,1425,1426,
N2,30,05:00.0,05:30.0,1426,1427,
N2,30,05:30.0,06:00.0,1427,1428,
N2,30,06:00.0,06:30.0,1428,1429,
N2,30,06:30.0,07:00.0,1429,1430,
N2,30,07:00.0,07:30.0,1430,1431,
N3,30,07:30.0,08:00.0,1431,1432,
N3,30,08:00.0,08:30.0,1432,1433,
N2,30,08:30.0,09:00.0,1433,1434,
N2,30,09:00.0,09:30.0,1434,1435,
N2,30,09:30.0,10:00.0,1435,1436,
N2,30,10:00.0,10:30.0,1436,1437,
N2,30,10:30.0,11:00.0,1437,1438,
N2,30,11:00.0,11:30.0,1438,1439,
N3,30,11:30.0,12:00.0,1439,1440,
N2,30,12:00.0,12:30.0,1440,1441,
N2,30,12:30.0,13:00.0,1441,1442,
N3,30,13:00.0,13:30.0,1442,1443,
N2,30,13:30.0,14:00.0,1443,1444,
N3,30,14:00.0,14:30.0,1444,1445,
N3,30,14:30.0,15:00.0,1445,1446,
N3,30,15:00.0,15:30.0,1446,1447,
N3,30,15:30.0,16:00.0,1447,1448,
N3,30,16:00.0,16:30.0,1448,1449,
N3,30,16:30.0,17:00.0,1449,1450,
N3,30,17:00.0,17:30.0,1450,1451,
N3,30,17:30.0,18:00.0,1451,1452,
N3,30,18:00.0,18:30.0,1452,1453,
N3,30,18:30.0,19:00.0,1453,1454,
N3,30,19:00.0,19:30.0,1454,1455,
N3,30,19:30.0,20:00.0,1455,1456,
N3,30,20:00.0,20:30.0,1456,1457,
N3,30,20:30.0,21:00.0,1457,1458,
N3,30,21:00.0,21:30.0,1458,1459,
N3,30,21:30.0,22:00.0,1459,1460,
N3,30,22:00.0,22:30.0,1460,1461,
N3,30,22:30.0,23:00.0,1461,1462,
N3,30,23:00.0,23:30.0,1462,1463,
N3,30,23:30.0,24:00.0,1463,1464,
N3,30,24:00.0,24:30.0,1464,1465,
N3,30,24:30.0,25:00.0,1465,1466,
N3,30,25:00.0,25:30.0,1466,1467,
N3,30,25:30.0,26:00.0,1467,1468,
N3,30,26:00.0,26:30.0,1468,1469,
N3,30,26:30.0,27:00.0,1469,1470,
N3,30,27:00.0,27:30.0,1470,1471,
N3,30,27:30.0,28:00.0,1471,1472,
N3,30,28:00.0,28:30.0,1472,1473,
N3,30,28:30.0,29:00.0,1473,1474,
N3,30,29:00.0,29:30.0,1474,1475,
N3,30,29:30.0,30:00.0,1475,1476,
N3,30,30:00.0,30:30.0,1476,1477,
N3,30,30:30.0,31:00.0,1477,1478,
N3,30,31:00.0,31:30.0,1478,1479,
N3,30,31:30.0,32:00.0,1479,1480,
Wake,30,32:00.0,32:30.0,1480,1481,
Movement,28.299,32:01.5,32:29.8,1480,1480,
Wake,30,32:30.0,33:00.0,1481,1482,
Wake,30,33:00.0,33:30.0,1482,1483,
Wake,30,33:30.0,34:00.0,1483,1484,
Movement,19.199,33:34.2,33:53.4,1483,1483,
Artifact,14.666,33:45.3,34:00.0,1483,1483,
Artifact,14.666,33:45.3,34:00.0,1483,1483,
N2,30,34:00.0,34:30.0,1484,1485,
N2,30,34:30.0,35:00.0,1485,1486,
N2,30,35:00.0,35:30.0,1486,1487,
N2,30,35:30.0,36:00.0,1487,1488,
N2,30,36:00.0,36:30.0,1488,1489,
N2,30,36:30.0,37:00.0,1489,1490,
N2,30,37:00.0,37:30.0,1490,1491,
N2,30,37:30.0,38:00.0,1491,1492,
N2,30,38:00.0,38:30.0,1492,1493,
N2,30,38:30.0,39:00.0,1493,1494,
N2,30,39:00.0,39:30.0,1494,1495,
N3,30,39:30.0,40:00.0,1495,1496,
N2,30,40:00.0,40:30.0,1496,1497,
N3,30,40:30.0,41:00.0,1497,1498,
N2,30,41:00.0,41:30.0,1498,1499,
N2,30,41:30.0,42:00.0,1499,1500,
N3,30,42:00.0,42:30.0,1500,1501,
N3,30,42:30.0,43:00.0,1501,1502,
N3,30,43:00.0,43:30.0,1502,1503,
LM,3.909,43:19.0,43:22.9,1502,1502,
Movement,1.299,43:20.3,43:21.6,1502,1502,
LM,6.329,43:20.4,43:26.7,1502,1502,
N3,30,43:30.0,44:00.0,1503,1504,
N3,30,44:00.0,44:30.0,1504,1505,
N3,30,44:30.0,45:00.0,1505,1506,
N3,30,45:00.0,45:30.0,1506,1507,
N3,30,45:30.0,46:00.0,1507,1508,
N2,30,46:00.0,46:30.0,1508,1509,
N2,30,46:30.0,47:00.0,1509,1510,
N2,30,47:00.0,47:30.0,1510,1511,
Movement,42.298,47:19.1,48:01.4,1510,1512,
N1,30,47:30.0,48:00.0,1511,1512,
Artifact,1.333,47:35.3,47:36.6,1511,1511,
Artifact,1.333,47:35.3,47:36.6,1511,1511,
LM,6.33,47:58.0,48:04.3,1511,1512,
N2,30,48:00.0,48:30.0,1512,1513,
N2,30,48:30.0,49:00.0,1513,1514,
N2,30,49:00.0,49:30.0,1514,1515,
Movement,2.1,49:13.6,49:15.7,1514,1514,
N2,30,49:30.0,50:00.0,1515,1516,
N2,30,50:00.0,50:30.0,1516,1517,
N2,30,50:30.0,51:00.0,1517,1518,
N2,30,51:00.0,51:30.0,1518,1519,
Movement,11.699,51:19.7,51:31.4,1518,1519,
N2,30,51:30.0,52:00.0,1519,1520,
Desat,15.333,51:52.0,52:07.3,1519,1520,
N2,30,52:00.0,52:30.0,1520,1521,
N2,30,52:30.0,53:00.0,1521,1522,
N2,30,53:00.0,53:30.0,1522,1523,
N2,30,53:30.0,54:00.0,1523,1524,
Movement,2.5,53:30.3,53:32.8,1523,1523,
LM,2.315,53:30.6,53:32.9,1523,1523,
REM,30,54:00.0,54:30.0,1524,1525,
A. Obstructive,13.83,54:02.7,54:16.6,1524,1524,
Movement,3.45,54:17.8,54:21.2,1524,1524,
LM,4.995,54:18.1,54:23.1,1524,1524,
N2,30,54:30.0,55:00.0,1525,1526,
LM,7.754,54:55.9,55:03.6,1525,1526,
Movement,25.448,54:56.6,55:22.0,1525,1526,
Wake,30,55:00.0,55:30.0,1526,1527,
N2,30,55:30.0,56:00.0,1527,1528,
N2,30,56:00.0,56:30.0,1528,1529,
Movement,18.199,56:18.5,56:36.7,1528,1529,
N2,30,56:30.0,57:00.0,1529,1530,
Desat,15.666,56:59.0,57:14.6,1529,1530,
N2,30,57:00.0,57:30.0,1530,1531,
REM,30,57:30.0,58:00.0,1531,1532,
REM,30,58:00.0,58:30.0,1532,1533,
LM,2.92,58:15.1,58:18.0,1532,1532,
REM,30,58:30.0,59:00.0,1533,1534,
REM,30,59:00.0,59:30.0,1534,1535,
REM,30,59:30.0,00:00.0,1535,1536,
LM,1.23,59:57.2,59:58.4,1535,1535,
LM,3.23,59:58.0,00:01.2,1535,1536,
REM,30,00:00.0,00:30.0,1536,1537,
REM,30,00:30.0,01:00.0,1537,1538,
Movement,1.35,00:31.9,00:33.2,1537,1537,
LM,3.574,00:32.0,00:35.5,1537,1537,
REM,30,01:00.0,01:30.0,1538,1539,
REM,30,01:30.0,02:00.0,1539,1540,
REM,30,02:00.0,02:30.0,1540,1541,
Desat,33,02:25.3,02:58.3,1540,1541,
REM,30,02:30.0,03:00.0,1541,1542,
LM,1.255,02:39.5,02:40.7,1541,1541,
REM,30,03:00.0,03:30.0,1542,1543,
REM,30,03:30.0,04:00.0,1543,1544,
LM,3.24,03:48.2,03:51.4,1543,1543,
REM,30,04:00.0,04:30.0,1544,1545,
Desat,40.665,04:16.6,04:57.3,1544,1545,
REM,30,04:30.0,05:00.0,1545,1546,
REM,30,05:00.0,05:30.0,1546,1547,
REM,30,05:30.0,06:00.0,1547,1548,
Movement,0.95,05:33.0,05:33.9,1547,1547,
Desat,56.332,05:54.6,06:51.0,1547,1549,
REM,30,06:00.0,06:30.0,1548,1549,
REM,30,06:30.0,07:00.0,1549,1550,
REM,30,07:00.0,07:30.0,1550,1551,
A. Obstructive,12.304,07:04.5,07:16.8,1550,1550,
REM,30,07:30.0,08:00.0,1551,1552,
LM,6.934,07:31.8,07:38.8,1551,1551,
PLM,134.706,07:31.8,09:46.5,1551,1555,
Movement,4.85,07:33.8,07:38.6,1551,1551,
LM,4.935,07:34.3,07:39.2,1551,1551,
REM,30,08:00.0,08:30.0,1552,1553,
LM,0.885,08:10.1,08:11.0,1552,1552,
REM,30,08:30.0,09:00.0,1553,1554,
LM,3.68,08:30.8,08:34.5,1553,1553,
LM,2.71,08:31.4,08:34.1,1553,1553,
REM,30,09:00.0,09:30.0,1554,1555,
REM,30,09:30.0,10:00.0,1555,1556,
LM,2.204,09:43.5,09:45.7,1555,1555,
LM,2.099,09:44.4,09:46.5,1555,1555,
REM,30,10:00.0,10:30.0,1556,1557,
REM,30,10:30.0,11:00.0,1557,1558,
Wake,30,11:00.0,11:30.0,1558,1559,
Movement,4.1,11:14.8,11:18.9,1558,1558,
REM,30,11:30.0,12:00.0,1559,1560,
REM,30,12:00.0,12:30.0,1560,1561,
A. Obstructive,10.257,12:08.9,12:19.2,1560,1560,
REM,30,12:30.0,13:00.0,1561,1562,
REM,30,13:00.0,13:30.0,1562,1563,
Movement,3.45,13:09.2,13:12.7,1562,1562,
LM,1.93,13:09.6,13:11.5,1562,1562,
REM,30,13:30.0,14:00.0,1563,1564,
REM,30,14:00.0,14:30.0,1564,1565,
REM,30,14:30.0,15:00.0,1565,1566,
REM,30,15:00.0,15:30.0,1566,1567,
REM,30,15:30.0,16:00.0,1567,1568,
REM,30,16:00.0,16:30.0,1568,1569,
REM,30,16:30.0,17:00.0,1569,1570,
Wake,30,17:00.0,17:30.0,1570,1571,
LM,4.165,17:02.4,17:06.6,1570,1570,
PLM,331.565,17:02.4,22:34.0,1570,1581,
REM,30,17:30.0,18:00.0,1571,1572,
REM,30,18:00.0,18:30.0,1572,1573,
LM,1.42,18:09.2,18:10.6,1572,1572,
A. Central,10.885,18:21.9,18:32.8,1572,1573,
REM,30,18:30.0,19:00.0,1573,1574,
Desat,24.999,18:44.3,19:09.3,1573,1574,
LM,1.76,18:57.6,18:59.4,1573,1573,
REM,30,19:00.0,19:30.0,1574,1575,
REM,30,19:30.0,20:00.0,1575,1576,
REM,30,20:00.0,20:30.0,1576,1577,
LM,1.96,20:11.7,20:13.6,1576,1576,
LM,2.205,20:12.7,20:14.9,1576,1576,
REM,30,20:30.0,21:00.0,1577,1578,
REM,30,21:00.0,21:30.0,1578,1579,
LM,2.954,21:24.1,21:27.0,1578,1578,
LM,1.209,21:25.1,21:26.3,1578,1578,
REM,30,21:30.0,22:00.0,1579,1580,
REM,30,22:00.0,22:30.0,1580,1581,
REM,30,22:30.0,23:00.0,1581,1582,
LM,1.599,22:32.4,22:34.0,1581,1581,
REM,30,23:00.0,23:30.0,1582,1583,
REM,30,23:30.0,24:00.0,1583,1584,
REM,30,24:00.0,24:30.0,1584,1585,
REM,30,24:30.0,25:00.0,1585,1586,
REM,30,25:00.0,25:30.0,1586,1587,
REM,30,25:30.0,26:00.0,1587,1588,
LM,1.3,25:50.6,25:51.9,1587,1587,
LM,1.205,25:50.8,25:52.0,1587,1587,
REM,30,26:00.0,26:30.0,1588,1589,
Desat,19.333,26:19.3,26:38.6,1588,1589,
REM,30,26:30.0,27:00.0,1589,1590,
REM,30,27:00.0,27:30.0,1590,1591,
REM,30,27:30.0,28:00.0,1591,1592,
REM,30,28:00.0,28:30.0,1592,1593,
REM,30,28:30.0,29:00.0,1593,1594,
REM,30,29:00.0,29:30.0,1594,1595,
REM,30,29:30.0,30:00.0,1595,1596,
REM,30,30:00.0,30:30.0,1596,1597,
LM,3.085,30:08.5,30:11.6,1596,1596,
Movement,1.95,30:08.7,30:10.7,1596,1596,
LM,1.985,30:08.9,30:10.9,1596,1596,
REM,30,30:30.0,31:00.0,1597,1598,
Wake,30,31:00.0,31:30.0,1598,1599,
Movement,8.899,31:10.0,31:18.9,1598,1598,
N2,30,31:30.0,32:00.0,1599,1600,
N2,30,32:00.0,32:30.0,1600,1601,
REM,30,32:30.0,33:00.0,1601,1602,
REM,30,33:00.0,33:30.0,1602,1603,
REM,30,33:30.0,34:00.0,1603,1604,
LM,2.196,33:32.8,33:35.0,1603,1603,
Movement,1.65,33:33.1,33:34.8,1603,1603,
REM,30,34:00.0,34:30.0,1604,1605,
REM,30,34:30.0,35:00.0,1605,1606,
N2,30,35:00.0,35:30.0,1606,1607,
N2,30,35:30.0,36:00.0,1607,1608,
Movement,2.75,35:37.8,35:40.6,1607,1607,
LM,0.835,35:38.6,35:39.4,1607,1607,
N2,30,36:00.0,36:30.0,1608,1609,
N2,30,36:30.0,37:00.0,1609,1610,
N2,30,37:00.0,37:30.0,1610,1611,
N2,30,37:30.0,38:00.0,1611,1612,
Movement,2.3,37:35.8,37:38.1,1611,1611,
LM,0.735,37:35.9,37:36.7,1611,1611,
N2,30,38:00.0,38:30.0,1612,1613,
Desat,19.333,38:01.6,38:20.9,1612,1612,
N2,30,38:30.0,39:00.0,1613,1614,
N2,30,39:00.0,39:30.0,1614,1615,
Movement,1.4,39:19.3,39:20.7,1614,1614,
N2,30,39:30.0,40:00.0,1615,1616,
Desat,31.333,39:43.6,40:14.9,1615,1616,
N2,30,40:00.0,40:30.0,1616,1617,
N2,30,40:30.0,41:00.0,1617,1618,
N2,30,41:00.0,41:30.0,1618,1619,
N2,30,41:30.0,42:00.0,1619,1620,
N2,30,42:00.0,42:30.0,1620,1621,
REM,30,42:30.0,43:00.0,1621,1622,
Wake,30,43:00.0,43:30.0,1622,1623,
Movement,10.599,43:07.1,43:17.7,1622,1622,
LM,3.935,43:08.2,43:12.2,1622,1622,
N2,30,43:30.0,44:00.0,1623,1624,
Desat,22.999,43:36.9,43:59.9,1623,1623,
N2,30,44:00.0,44:30.0,1624,1625,
Movement,7.549,44:28.3,44:35.9,1624,1625,
N2,30,44:30.0,45:00.0,1625,1626,
LM,2.607,44:30.2,44:32.8,1625,1625,
Desat,23.333,44:55.6,45:18.9,1625,1626,
N2,30,45:00.0,45:30.0,1626,1627,
N2,30,45:30.0,46:00.0,1627,1628,
N2,30,46:00.0,46:30.0,1628,1629,
N2,30,46:30.0,47:00.0,1629,1630,
REM,30,47:00.0,47:30.0,1630,1631,
Movement,2.95,47:21.0,47:24.0,1630,1630,
LM,1.235,47:22.5,47:23.8,1630,1630,
REM,30,47:30.0,48:00.0,1631,1632,
REM,30,48:00.0,48:30.0,1632,1633,
REM,30,48:30.0,49:00.0,1633,1634,
Movement,31.548,48:53.7,49:25.2,1633,1634,
Wake,30,49:00.0,49:30.0,1634,1635,
LM,1.235,49:23.5,49:24.8,1634,1634,
Artifact,2682.684,49:24.1,34:06.7,1634,1724,
REM,30,49:30.0,50:00.0,1635,1636,
Desat,16.999,49:43.6,50:00.6,1635,1636,
REM,30,50:00.0,50:30.0,1636,1637,
REM,30,50:30.0,51:00.0,1637,1638,
REM,30,51:00.0,51:30.0,1638,1639,
LM,0.535,51:00.9,51:01.5,1638,1638,
LM,0.54,51:01.0,51:01.5,1638,1638,
REM,30,51:30.0,52:00.0,1639,1640,
REM,30,52:00.0,52:30.0,1640,1641,
REM,30,52:30.0,53:00.0,1641,1642,
N2,30,53:00.0,53:30.0,1642,1643,
N2,30,53:30.0,54:00.0,1643,1644,
N2,30,54:00.0,54:30.0,1644,1645,
N2,30,54:30.0,55:00.0,1645,1646,
N2,30,55:00.0,55:30.0,1646,1647,
N2,30,55:30.0,56:00.0,1647,1648,
N2,30,56:00.0,56:30.0,1648,1649,
N2,30,56:30.0,57:00.0,1649,1650,
N2,30,57:00.0,57:30.0,1650,1651,
N2,30,57:30.0,58:00.0,1651,1652,
N2,30,58:00.0,58:30.0,1652,1653,
N2,30,58:30.0,59:00.0,1653,1654,
N2,30,59:00.0,59:30.0,1654,1655,
N2,30,59:30.0,00:00.0,1655,1656,
Desat,25.666,59:51.6,00:17.3,1655,1656,
N2,30,00:00.0,00:30.0,1656,1657,
N2,30,00:30.0,01:00.0,1657,1658,
N2,30,01:00.0,01:30.0,1658,1659,
N2,30,01:30.0,02:00.0,1659,1660,
N2,30,02:00.0,02:30.0,1660,1661,
N3,30,02:30.0,03:00.0,1661,1662,
N2,30,03:00.0,03:30.0,1662,1663,
N2,30,03:30.0,04:00.0,1663,1664,
N2,30,04:00.0,04:30.0,1664,1665,
N2,30,04:30.0,05:00.0,1665,1666,
N2,30,05:00.0,05:30.0,1666,1667,
N3,30,05:30.0,06:00.0,1667,1668,
N2,30,06:00.0,06:30.0,1668,1669,
N2,30,06:30.0,07:00.0,1669,1670,
N2,30,07:00.0,07:30.0,1670,1671,
N2,30,07:30.0,08:00.0,1671,1672,
N2,30,08:00.0,08:30.0,1672,1673,
N3,30,08:30.0,09:00.0,1673,1674,
N2,30,09:00.0,09:30.0,1674,1675,
N2,30,09:30.0,10:00.0,1675,1676,
N3,30,10:00.0,10:30.0,1676,1677,
N3,30,10:30.0,11:00.0,1677,1678,
N3,30,11:00.0,11:30.0,1678,1679,
N3,30,11:30.0,12:00.0,1679,1680,
N3,30,12:00.0,12:30.0,1680,1681,
N3,30,12:30.0,13:00.0,1681,1682,
N3,30,13:00.0,13:30.0,1682,1683,
N3,30,13:30.0,14:00.0,1683,1684,
N3,30,14:00.0,14:30.0,1684,1685,
N3,30,14:30.0,15:00.0,1685,1686,
N3,30,15:00.0,15:30.0,1686,1687,
N3,30,15:30.0,16:00.0,1687,1688,
N3,30,16:00.0,16:30.0,1688,1689,
N3,30,16:30.0,17:00.0,1689,1690,
N3,30,17:00.0,17:30.0,1690,1691,
N3,30,17:30.0,18:00.0,1691,1692,
N3,30,18:00.0,18:30.0,1692,1693,
N3,30,18:30.0,19:00.0,1693,1694,
N3,30,19:00.0,19:30.0,1694,1695,
N3,30,19:30.0,20:00.0,1695,1696,
N3,30,20:00.0,20:30.0,1696,1697,
N3,30,20:30.0,21:00.0,1697,1698,
N3,30,21:00.0,21:30.0,1698,1699,
N3,30,21:30.0,22:00.0,1699,1700,
N3,30,22:00.0,22:30.0,1700,1701,
N3,30,22:30.0,23:00.0,1701,1702,
N3,30,23:00.0,23:30.0,1702,1703,
N3,30,23:30.0,24:00.0,1703,1704,
N3,30,24:00.0,24:30.0,1704,1705,
N3,30,24:30.0,25:00.0,1705,1706,
N3,30,25:00.0,25:30.0,1706,1707,
N3,30,25:30.0,26:00.0,1707,1708,
N3,30,26:00.0,26:30.0,1708,1709,
N3,30,26:30.0,27:00.0,1709,1710,
N3,30,27:00.0,27:30.0,1710,1711,
N3,30,27:30.0,28:00.0,1711,1712,
N3,30,28:00.0,28:30.0,1712,1713,
N3,30,28:30.0,29:00.0,1713,1714,
N3,30,29:00.0,29:30.0,1714,1715,
N3,30,29:30.0,30:00.0,1715,1716,
N3,30,30:00.0,30:30.0,1716,1717,
N3,30,30:30.0,31:00.0,1717,1718,
N3,30,31:00.0,31:30.0,1718,1719,
N3,30,31:30.0,32:00.0,1719,1720,
N3,30,32:00.0,32:30.0,1720,1721,
N3,30,32:30.0,33:00.0,1721,1722,
N3,30,33:00.0,33:30.0,1722,1723,
N3,30,33:30.0,34:00.0,1723,1724,
Wake,30,34:00.0,34:30.0,1724,1725,
Movement,47.997,34:05.0,34:53.0,1724,1725,
Wake,30,34:30.0,35:00.0,1725,1726,
N1,30,35:00.0,35:30.0,1726,1727,
N2,30,35:30.0,36:00.0,1727,1728,
N2,30,36:00.0,36:30.0,1728,1729,
N2,30,36:30.0,37:00.0,1729,1730,
LM,7.274,36:32.3,36:39.6,1729,1729,
PLM,123.562,36:32.3,38:35.8,1729,1733,
Movement,10.1,36:33.2,36:43.3,1729,1729,
N2,30,37:00.0,37:30.0,1730,1731,
LM,2.28,37:01.0,37:03.3,1730,1730,
Movement,14.449,37:25.7,37:40.2,1730,1731,
LM,1.885,37:27.2,37:29.1,1730,1730,
Wake,30,37:30.0,38:00.0,1731,1732,
Artifact,430.359,37:44.6,44:55.0,1731,1745,
N2,30,38:00.0,38:30.0,1732,1733,
N2,30,38:30.0,39:00.0,1733,1734,
LM,4.195,38:30.5,38:34.7,1733,1733,
LM,2.22,38:33.6,38:35.8,1733,1733,
N2,30,39:00.0,39:30.0,1734,1735,
N2,30,39:30.0,40:00.0,1735,1736,
N2,30,40:00.0,40:30.0,1736,1737,
N2,30,40:30.0,41:00.0,1737,1738,
N2,30,41:00.0,41:30.0,1738,1739,
LM,2.42,41:07.4,41:09.8,1738,1738,
LM,3.205,41:09.2,41:12.4,1738,1738,
N2,30,41:30.0,42:00.0,1739,1740,
N2,30,42:00.0,42:30.0,1740,1741,
N2,30,42:30.0,43:00.0,1741,1742,
N2,30,43:00.0,43:30.0,1742,1743,
N2,30,43:30.0,44:00.0,1743,1744,
N2,30,44:00.0,44:30.0,1744,1745,
N2,30,44:30.0,45:00.0,1745,1746,
N2,30,45:00.0,45:30.0,1746,1747,
Movement,34.698,45:29.1,46:03.8,1746,1748,
N2,30,45:30.0,46:00.0,1747,1748,
Artifact,583.08,45:44.4,55:27.5,1747,1766,
N2,30,46:00.0,46:30.0,1748,1749,
LM,3.705,46:00.2,46:03.9,1748,1748,
N2,30,46:30.0,47:00.0,1749,1750,
N2,30,47:00.0,47:30.0,1750,1751,
N2,30,47:30.0,48:00.0,1751,1752,
REM,30,48:00.0,48:30.0,1752,1753,
REM,30,48:30.0,49:00.0,1753,1754,
LM,2.539,48:31.9,48:34.5,1753,1753,
Movement,2.4,48:32.1,48:34.5,1753,1753,
REM,30,49:00.0,49:30.0,1754,1755,
REM,30,49:30.0,50:00.0,1755,1756,
REM,30,50:00.0,50:30.0,1756,1757,
Movement,9.249,50:02.2,50:11.4,1756,1756,
LM,6.931,50:04.9,50:11.9,1756,1756,
Desat,19.666,50:24.9,50:44.6,1756,1757,
REM,30,50:30.0,51:00.0,1757,1758,
REM,30,51:00.0,51:30.0,1758,1759,
Movement,20.948,51:29.3,51:50.3,1758,1759,
LM,4.034,51:29.4,51:33.5,1758,1759,
REM,30,51:30.0,52:00.0,1759,1760,
Desat,22.333,51:51.6,52:13.9,1759,1760,
REM,30,52:00.0,52:30.0,1760,1761,
REM,30,52:30.0,53:00.0,1761,1762,
REM,30,53:00.0,53:30.0,1762,1763,
REM,30,53:30.0,54:00.0,1763,1764,
Movement,8.65,53:49.3,53:58.0,1763,1763,
LM,7.892,53:50.0,53:57.9,1763,1763,
REM,30,54:00.0,54:30.0,1764,1765,
Desat,15.999,54:11.9,54:27.9,1764,1764,
REM,30,54:30.0,55:00.0,1765,1766,
REM,30,55:00.0,55:30.0,1766,1767,
Movement,7.699,55:23.4,55:31.1,1766,1767,
LM,3.568,55:28.0,55:31.6,1766,1767,
Artifact,1503.285,55:29.5,20:32.8,1766,1817,
REM,30,55:30.0,56:00.0,1767,1768,
REM,30,56:00.0,56:30.0,1768,1769,
REM,30,56:30.0,57:00.0,1769,1770,
Movement,1.5,56:53.2,56:54.7,1769,1769,
LM,1.77,56:53.3,56:55.1,1769,1769,
LM,0.51,56:53.8,56:54.3,1769,1769,
REM,30,57:00.0,57:30.0,1770,1771,
REM,30,57:30.0,58:00.0,1771,1772,
REM,30,58:00.0,58:30.0,1772,1773,
REM,30,58:30.0,59:00.0,1773,1774,
Movement,6.45,58:51.0,58:57.5,1773,1773,
LM,5.558,58:51.8,58:57.3,1773,1773,
REM,30,59:00.0,59:30.0,1774,1775,
Desat,15,59:14.9,59:29.9,1774,1774,
REM,30,59:30.0,00:00.0,1775,1776,
Movement,1.8,59:43.1,59:44.9,1775,1775,
LM,2.05,59:43.6,59:45.7,1775,1775,
LM,0.855,59:43.8,59:44.7,1775,1775,
REM,30,00:00.0,00:30.0,1776,1777,
REM,30,00:30.0,01:00.0,1777,1778,
REM,30,01:00.0,01:30.0,1778,1779,
REM,30,01:30.0,02:00.0,1779,1780,
Desat,13.667,01:41.6,01:55.2,1779,1779,
REM,30,02:00.0,02:30.0,1780,1781,
REM,30,02:30.0,03:00.0,1781,1782,
REM,30,03:00.0,03:30.0,1782,1783,
LM,1.235,03:26.2,03:27.4,1782,1782,
PLM,57.605,03:26.2,04:23.8,1782,1784,
REM,30,03:30.0,04:00.0,1783,1784,
LM,0.824,03:32.7,03:33.6,1783,1783,
LM,0.617,03:57.7,03:58.3,1783,1783,
REM,30,04:00.0,04:30.0,1784,1785,
Movement,10.899,04:16.0,04:26.9,1784,1784,
LM,4.323,04:19.4,04:23.8,1784,1784,
REM,30,04:30.0,05:00.0,1785,1786,
REM,30,05:00.0,05:30.0,1786,1787,
REM,30,05:30.0,06:00.0,1787,1788,
LM,1.569,05:57.3,05:58.9,1787,1787,
Movement,1.799,05:57.5,05:59.3,1787,1787,
LM,4.969,05:57.5,06:02.5,1787,1788,
REM,30,06:00.0,06:30.0,1788,1789,
REM,30,06:30.0,07:00.0,1789,1790,
REM,30,07:00.0,07:30.0,1790,1791,
Wake,30,07:30.0,08:00.0,1791,1792,
Movement,12.2,07:39.6,07:51.8,1791,1791,
LM,3.568,07:49.8,07:53.4,1791,1791,
LM,1.42,07:52.2,07:53.6,1791,1791,
REM,30,08:00.0,08:30.0,1792,1793,
Desat,47.332,08:13.2,09:00.5,1792,1794,
REM,30,08:30.0,09:00.0,1793,1794,
REM,30,09:00.0,09:30.0,1794,1795,
Movement,2.5,09:23.6,09:26.1,1794,1794,
REM,30,09:30.0,10:00.0,1795,1796,
Movement,2.5,09:57.1,09:59.6,1795,1795,
LM,1.605,09:58.2,09:59.8,1795,1795,
LM,0.595,09:59.1,09:59.7,1795,1795,
REM,30,10:00.0,10:30.0,1796,1797,
REM,30,10:30.0,11:00.0,1797,1798,
REM,30,11:00.0,11:30.0,1798,1799,
REM,30,11:30.0,12:00.0,1799,1800,
REM,30,12:00.0,12:30.0,1800,1801,
Movement,7.45,12:08.3,12:15.8,1800,1800,
LM,4.872,12:11.4,12:16.2,1800,1800,
REM,30,12:30.0,13:00.0,1801,1802,
Desat,16.666,12:37.5,12:54.2,1801,1801,
REM,30,13:00.0,13:30.0,1802,1803,
REM,30,13:30.0,14:00.0,1803,1804,
Desat,44.332,13:31.5,14:15.9,1803,1804,
REM,30,14:00.0,14:30.0,1804,1805,
LM,1.2,14:05.1,14:06.3,1804,1804,
REM,30,14:30.0,15:00.0,1805,1806,
REM,30,15:00.0,15:30.0,1806,1807,
Movement,14.649,15:23.2,15:37.9,1806,1807,
N2,30,15:30.0,16:00.0,1807,1808,
LM,5.489,15:31.0,15:36.5,1807,1807,
REM,30,16:00.0,16:30.0,1808,1809,
REM,30,16:30.0,17:00.0,1809,1810,
REM,30,17:00.0,17:30.0,1810,1811,
REM,30,17:30.0,18:00.0,1811,1812,
REM,30,18:00.0,18:30.0,1812,1813,
REM,30,18:30.0,19:00.0,1813,1814,
REM,30,19:00.0,19:30.0,1814,1815,
REM,30,19:30.0,20:00.0,1815,1816,
Movement,3.45,19:46.5,19:49.9,1815,1815,
LM,2.505,19:47.0,19:49.5,1815,1815,
LM,1.21,19:47.2,19:48.4,1815,1815,
N2,30,20:00.0,20:30.0,1816,1817,
LM,8.715,20:29.7,20:38.5,1816,1817,
Movement,7.9,20:30.0,20:37.9,1816,1817,
REM,30,20:30.0,21:00.0,1817,1818,
REM,30,21:00.0,21:30.0,1818,1819,
REM,30,21:30.0,22:00.0,1819,1820,
LM,2.01,21:59.3,22:01.4,1819,1820,
Movement,1.85,21:59.6,22:01.5,1819,1820,
REM,30,22:00.0,22:30.0,1820,1821,
REM,30,22:30.0,23:00.0,1821,1822,
Movement,13.8,22:59.0,23:12.8,1821,1822,
Wake,30,23:00.0,23:30.0,1822,1823,
Artifact,2,23:12.5,23:14.5,1822,1822,
Artifact,2,23:12.5,23:14.5,1822,1822,
REM,30,23:30.0,24:00.0,1823,1824,
LM,1.525,23:32.1,23:33.7,1823,1823,
LM,1.905,23:32.4,23:34.3,1823,1823,
REM,30,24:00.0,24:30.0,1824,1825,
REM,30,24:30.0,25:00.0,1825,1826,
REM,30,25:00.0,25:30.0,1826,1827,
REM,30,25:30.0,26:00.0,1827,1828,
REM,30,26:00.0,26:30.0,1828,1829,
REM,30,26:30.0,27:00.0,1829,1830,
REM,30,27:00.0,27:30.0,1830,1831,
LM,3.07,27:23.5,27:26.5,1830,1830,
LM,1.355,27:24.3,27:25.7,1830,1830,
Movement,20.799,27:24.5,27:45.3,1830,1831,
Wake,30,27:30.0,28:00.0,1831,1832,
N1,30,28:00.0,28:30.0,1832,1833,
N2,30,28:30.0,29:00.0,1833,1834,
N2,30,29:00.0,29:30.0,1834,1835,
LM,2.265,29:14.5,29:16.8,1834,1834,
Movement,35.698,29:14.5,29:50.2,1834,1835,
LM,1.945,29:14.5,29:16.5,1834,1834,
LM,1.325,29:28.2,29:29.5,1834,1834,
N2,30,29:30.0,30:00.0,1835,1836,
Desat,19.666,29:44.2,30:03.9,1835,1836,
LM,1.715,29:49.5,29:51.3,1835,1835,
N2,30,30:00.0,30:30.0,1836,1837,
N2,30,30:30.0,31:00.0,1837,1838,
Artifact,323.605,30:54.2,36:17.8,1837,1848,
Movement,18.699,30:55.0,31:13.7,1837,1838,
Wake,30,31:00.0,31:30.0,1838,1839,
Desat,38.666,31:12.5,31:51.2,1838,1839,
N2,30,31:30.0,32:00.0,1839,1840,
N2,30,32:00.0,32:30.0,1840,1841,
N2,30,32:30.0,33:00.0,1841,1842,
N2,30,33:00.0,33:30.0,1842,1843,
N2,30,33:30.0,34:00.0,1843,1844,
Movement,6.3,33:38.6,33:44.9,1843,1843,
LM,2.539,33:39.6,33:42.2,1843,1843,
N2,30,34:00.0,34:30.0,1844,1845,
Desat,19,34:07.9,34:26.9,1844,1844,
N2,30,34:30.0,35:00.0,1845,1846,
N2,30,35:00.0,35:30.0,1846,1847,
N2,30,35:30.0,36:00.0,1847,1848,
N2,30,36:00.0,36:30.0,1848,1849,
Movement,20.399,36:02.9,36:23.3,1848,1848,
LM,3.215,36:03.1,36:06.3,1848,1848,
LM,0.935,36:05.1,36:06.0,1848,1848,
LM,0.665,36:23.1,36:23.8,1848,1848,
N2,30,36:30.0,37:00.0,1849,1850,
N2,30,37:00.0,37:30.0,1850,1851,
N2,30,37:30.0,38:00.0,1851,1852,
LM,1.465,37:59.9,38:01.4,1851,1852,
N2,30,38:00.0,38:30.0,1852,1853,
LM,1.54,38:00.0,38:01.6,1852,1852,
Movement,1.6,38:00.2,38:01.8,1852,1852,
N2,30,38:30.0,39:00.0,1853,1854,
N2,30,39:00.0,39:30.0,1854,1855,
N2,30,39:30.0,40:00.0,1855,1856,
Movement,46.348,39:55.8,40:42.2,1855,1857,
LM,1.28,39:56.2,39:57.5,1855,1855,
PLM,219.352,39:56.2,43:35.6,1855,1863,
Wake,30,40:00.0,40:30.0,1856,1857,
Wake,30,40:30.0,41:00.0,1857,1858,
N2,30,41:00.0,41:30.0,1858,1859,
LM,3.58,41:11.0,41:14.6,1858,1858,
N2,30,41:30.0,42:00.0,1859,1860,
N2,30,42:00.0,42:30.0,1860,1861,
LM,0.565,42:21.4,42:22.0,1860,1860,
LM,4.174,42:21.5,42:25.6,1860,1860,
N2,30,42:30.0,43:00.0,1861,1862,
N2,30,43:00.0,43:30.0,1862,1863,
LM,0.56,43:00.4,43:01.0,1862,1862,
Desat,19.666,43:29.2,43:48.9,1862,1863,
N2,30,43:30.0,44:00.0,1863,1864,
LM,1.085,43:34.5,43:35.6,1863,1863,
N2,30,44:00.0,44:30.0,1864,1865,
N2,30,44:30.0,45:00.0,1865,1866,
N2,30,45:00.0,45:30.0,1866,1867,
Wake,30,45:30.0,46:00.0,1867,1868,
Movement,35.748,45:37.9,46:13.7,1867,1868,
Wake,30,46:00.0,46:30.0,1868,1869,
N2,30,46:30.0,47:00.0,1869,1870,
N2,30,47:00.0,47:30.0,1870,1871,
N2,30,47:30.0,48:00.0,1871,1872,
LM,5.82,47:50.7,47:56.6,1871,1871,
N2,30,48:00.0,48:30.0,1872,1873,
Desat,22.332,48:11.2,48:33.5,1872,1873,
N2,30,48:30.0,49:00.0,1873,1874,
N2,30,49:00.0,49:30.0,1874,1875,
N2,30,49:30.0,50:00.0,1875,1876,
N2,30,50:00.0,50:30.0,1876,1877,
N2,30,50:30.0,51:00.0,1877,1878,
N2,30,51:00.0,51:30.0,1878,1879,
N2,30,51:30.0,52:00.0,1879,1880,
N2,30,52:00.0,52:30.0,1880,1881,
N2,30,52:30.0,53:00.0,1881,1882,
N2,30,53:00.0,53:30.0,1882,1883,
N2,30,53:30.0,54:00.0,1883,1884,
N2,30,54:00.0,54:30.0,1884,1885,
N2,30,54:30.0,55:00.0,1885,1886,
N2,30,55:00.0,55:30.0,1886,1887,
N2,30,55:30.0,56:00.0,1887,1888,
N2,30,56:00.0,56:30.0,1888,1889,
N2,30,56:30.0,57:00.0,1889,1890,
N2,30,57:00.0,57:30.0,1890,1891,
N2,30,57:30.0,58:00.0,1891,1892,
LM,2.32,57:46.4,57:48.7,1891,1891,
LM,3.71,57:48.1,57:51.8,1891,1891,
LM,0.96,57:49.3,57:50.2,1891,1891,
N2,30,58:00.0,58:30.0,1892,1893,
N2,30,58:30.0,59:00.0,1893,1894,
N2,30,59:00.0,59:30.0,1894,1895,
N2,30,59:30.0,00:00.0,1895,1896,
Movement,9.599,59:50.9,00:00.5,1895,1896,
LM,4.803,59:55.5,00:00.3,1895,1896,
N2,30,00:00.0,00:30.0,1896,1897,
LM,1.91,00:16.1,00:18.0,1896,1896,
LM,1.935,00:16.2,00:18.1,1896,1896,
N2,30,00:30.0,01:00.0,1897,1898,
N2,30,01:00.0,01:30.0,1898,1899,
N2,30,01:30.0,02:00.0,1899,1900,
N2,30,02:00.0,02:30.0,1900,1901,
N2,30,02:30.0,03:00.0,1901,1902,
N2,30,03:00.0,03:30.0,1902,1903,
N2,30,03:30.0,04:00.0,1903,1904,
N2,30,04:00.0,04:30.0,1904,1905,
N2,30,04:30.0,05:00.0,1905,1906,
N2,30,05:00.0,05:30.0,1906,1907,
N2,30,05:30.0,06:00.0,1907,1908,
N2,30,06:00.0,06:30.0,1908,1909,
Wake,30,06:30.0,07:00.0,1909,1910,
Movement,28.998,06:33.5,07:02.5,1909,1910,